year,country_name,country_code,gdp_growth,gdp_usd,military_spendings_growth,military_spendings_usd,brithrate,life_exp,energy_use
1960,Germany,DEU,,,3.77,2715197280.00,17.30,69.31,1952.59
1960,France,FRA,,62225478001.00,5.43,3260127992.00,18.70,69.87,1699.25
1960,Italy,ITA,,40385288344.00,2.71,1009308856.00,18.10,69.12,794.82
1960,Japan,JPN,,44307342950.00,1.08,480555555.60,17.30,67.67,867.20
1960,Canada,CAN,,40461721693.00,4.19,1702442711.00,26.70,71.13,4251.44
1960,Russian Federation,RUS,,,,,23.79,66.06,
1960,United States,USA,,543300000000.00,8.99,47346552670.00,23.70,69.77,5641.74
1960,United Kingdom,GBR,,73233967692.00,7.09,5129857090.00,17.50,71.13,3033.05
1960,Brazil,BRA,,17030465539.00,2.68,382729752.10,42.28,54.14,
1960,India,IND,,37029883875.00,2.00,681765681.80,42.00,41.42,
1960,Mexico,MEX,,13040000000.00,0.67,84000000.00,45.18,57.08,
1960,South Africa,ZAF,,7575396973.00,0.95,69999972.00,41.08,48.41,
1960,China,CHN,,59716467625.00,,,20.86,43.73,
1960,World,WLD,,1390300000000.00,6.34,,31.75,52.58,
1961,Germany,DEU,,,3.74,3074753151.00,17.90,69.51,1994.32
1961,France,FRA,4.98,67461644222.00,5.30,3469940419.00,18.70,70.12,1745.20
1961,Italy,ITA,8.21,44842760293.00,2.57,1062907313.00,18.40,69.76,890.69
1961,Japan,JPN,12.04,53508617739.00,0.92,492361111.10,17.00,68.31,972.00
1961,Canada,CAN,3.16,40934952064.00,4.13,1677820881.00,26.00,71.35,4307.82
1961,Russian Federation,RUS,,,,,22.73,66.60,
1961,United States,USA,2.30,563300000000.00,9.16,49879770605.00,23.30,70.27,5612.08
1961,United Kingdom,GBR,2.68,77741965703.00,6.92,5308314126.00,17.90,70.88,3006.75
1961,Brazil,BRA,8.60,17275940449.00,2.36,342339720.80,41.93,54.63,
1961,India,IND,3.72,39232435784.00,2.07,748388248.40,41.75,42.03,
1961,Mexico,MEX,5.00,14160000000.00,0.65,86400000.00,44.92,57.67,
1961,South Africa,ZAF,3.84,7972996814.00,1.47,113749954.50,40.88,48.78,
1961,China,CHN,-27.27,50056868958.00,,,18.02,44.05,
1961,World,WLD,3.80,1446420000000.00,6.31,,31.04,53.08,
1962,Germany,DEU,,,4.50,4055355090.00,17.80,69.69,2124.85
1962,France,FRA,6.84,75607529810.00,5.16,3774280041.00,18.60,70.31,1861.04
1962,Italy,ITA,6.20,50383891899.00,2.63,1222013656.00,18.40,69.15,1007.05
1962,Japan,JPN,8.91,60723018684.00,0.88,538194444.40,17.10,68.59,1013.26
1962,Canada,CAN,7.43,42227447632.00,4.00,1671313753.00,25.20,71.37,4451.56
1962,Russian Federation,RUS,,,,,21.54,67.02,
1962,United States,USA,6.10,605100000000.00,9.33,54650942605.00,22.40,70.12,5774.59
1962,United Kingdom,GBR,1.10,81247564157.00,6.94,5597132751.00,18.30,70.93,3087.34
1962,Brazil,BRA,6.60,19231747852.00,2.40,387449035.50,41.48,55.13,
1962,India,IND,2.93,42161481859.00,2.75,1065436065.00,41.48,42.64,
1962,Mexico,MEX,4.66,15200000000.00,0.69,99200000.00,44.70,58.19,
1962,South Africa,ZAF,6.18,8497996604.00,2.25,186199925.50,40.66,49.14,
1962,China,CHN,-5.58,47209359006.00,,,37.01,44.78,
1962,World,WLD,5.32,1548220000000.00,6.35,,34.89,53.49,
1963,Germany,DEU,,,4.90,4688620298.00,18.10,69.86,2281.29
1963,France,FRA,6.23,84759195106.00,4.74,3887455990.00,18.50,70.51,1983.47
1963,Italy,ITA,5.61,57710743060.00,2.75,1463283724.00,18.70,69.25,1119.72
1963,Japan,JPN,8.47,69498131797.00,0.90,629861111.10,17.40,69.66,1147.29
1963,Canada,CAN,5.35,45029988561.00,3.62,1610091701.00,24.60,71.38,4694.12
1963,Russian Federation,RUS,,,,,20.26,67.34,
1963,United States,USA,4.40,638600000000.00,8.83,54561215775.00,21.70,69.92,5986.78
1963,United Kingdom,GBR,4.87,86561961812.00,6.80,5810811571.00,18.50,70.83,3196.83
1963,Brazil,BRA,0.60,23287712878.00,2.26,441999606.20,40.91,55.63,
1963,India,IND,5.99,48421923459.00,4.03,1795449295.00,41.20,43.25,
1963,Mexico,MEX,8.11,16960000000.00,0.72,112000000.00,44.52,58.66,
1963,South Africa,ZAF,7.37,9423396235.00,2.06,188999924.40,40.42,49.51,
1963,China,CHN,10.30,50706799903.00,,,43.37,45.97,
1963,World,WLD,5.19,1669090000000.00,6.01,,36.06,54.02,
1964,Germany,DEU,,,4.38,4601309875.00,18.00,70.01,2341.15
1964,France,FRA,6.65,94007851047.00,4.54,4130961168.00,18.40,70.66,2085.16
1964,Italy,ITA,2.80,63175417019.00,2.73,1586666708.00,19.70,70.31,1221.73
1964,Japan,JPN,11.68,81749006382.00,0.88,718055555.60,17.80,70.13,1272.48
1964,Canada,CAN,6.64,49377522897.00,3.40,1657457283.00,23.40,71.78,4903.61
1964,Russian Federation,RUS,,,,,18.94,67.57,
1964,United States,USA,5.80,685800000000.00,8.05,53432327058.00,21.10,70.17,6136.94
1964,United Kingdom,GBR,5.53,94407558351.00,6.60,6159898581.00,18.80,71.62,3212.53
1964,Brazil,BRA,3.40,20963733695.00,2.01,354227857.10,40.23,56.12,
1964,India,IND,7.45,56480289941.00,3.82,1986654487.00,40.90,43.87,
1964,Mexico,MEX,11.91,20080000000.00,0.68,120000000.00,44.37,59.07,
1964,South Africa,ZAF,7.94,10373995855.00,2.70,271599891.40,40.15,49.89,
1964,China,CHN,18.18,59708343489.00,,,39.14,47.59,
1964,World,WLD,6.57,1827510000000.00,5.52,,34.95,54.69,
1965,Germany,DEU,,,4.09,4686319021.00,17.40,70.15,2378.34
1965,France,FRA,4.86,101537000000.00,4.40,4304458189.00,18.20,70.81,2109.85
1965,Italy,ITA,3.27,67978153851.00,2.75,1719942315.00,19.00,70.17,1316.46
1965,Japan,JPN,5.82,90950278258.00,0.90,821388888.90,18.70,70.20,1374.53
1965,Canada,CAN,6.32,54515179581.00,2.93,1574704540.00,21.30,71.87,5153.93
1965,Russian Federation,RUS,,,,,17.68,67.72,
1965,United States,USA,6.40,743700000000.00,7.59,54561791263.00,19.40,70.21,6307.89
1965,United Kingdom,GBR,2.14,101825000000.00,6.44,6475329220.00,18.30,71.62,3329.41
1965,Brazil,BRA,2.40,22465522884.00,3.35,632869026.50,39.45,56.61,
1965,India,IND,-2.64,59554854575.00,3.87,2125989626.00,40.59,44.50,
1965,Mexico,MEX,7.10,21840000000.00,0.59,119200000.00,44.23,59.45,
1965,South Africa,ZAF,6.12,11334395471.00,2.63,289449884.20,39.87,50.28,
1965,China,CHN,16.95,70436266147.00,,,37.88,49.55,
1965,World,WLD,5.56,1990870000000.00,5.31,,34.34,55.35,
1966,Germany,DEU,,,3.91,4766403436.00,17.20,70.27,2387.68
1966,France,FRA,5.25,110046000000.00,4.29,4548130770.00,18.00,70.96,2122.92
1966,Italy,ITA,5.98,73654870011.00,2.99,1904604599.00,18.70,70.93,1431.07
1966,Japan,JPN,10.64,105628000000.00,0.88,932430555.60,13.80,70.99,1491.03
1966,Canada,CAN,6.70,61088384037.00,2.68,1614422827.00,19.30,72.00,5272.66
1966,Russian Federation,RUS,,,,,16.58,67.81,
1966,United States,USA,6.50,815000000000.00,8.44,66442751527.00,18.40,70.21,6591.34
1966,United Kingdom,GBR,1.57,108573000000.00,6.25,6692138865.00,17.90,71.57,3306.78
1966,Brazil,BRA,6.70,28283323733.00,3.02,718216574.60,38.59,57.09,
1966,India,IND,-0.06,45865462034.00,3.57,1661154906.00,40.27,45.14,
1966,Mexico,MEX,6.10,24320000000.00,0.58,130400000.00,44.10,59.81,
1966,South Africa,ZAF,4.44,12354995063.00,2.70,324449870.20,39.59,50.71,
1966,China,CHN,10.65,76720285970.00,,,35.05,51.70,
1966,World,WLD,5.72,2160630000000.00,5.66,,33.31,56.08,
1967,Germany,DEU,,,4.08,5037954037.00,16.50,70.37,2388.41
1967,France,FRA,4.92,118973000000.00,4.30,4918985396.00,17.70,71.16,2248.08
1967,Italy,ITA,7.18,81133120065.00,2.77,1928786564.00,17.90,70.96,1551.52
1967,Japan,JPN,11.08,123782000000.00,0.84,1039027778.00,19.40,71.28,1735.12
1967,Canada,CAN,3.09,65668655501.00,2.75,1775500366.00,18.20,72.21,5557.29
1967,Russian Federation,RUS,,,,,15.71,67.86,
1967,United States,USA,2.50,861700000000.00,9.42,78398442241.00,17.80,70.56,6809.82
1967,United Kingdom,GBR,2.79,113117000000.00,6.24,6933197077.00,17.50,72.12,3345.55
1967,Brazil,BRA,4.20,31086389195.00,2.86,746139163.60,37.68,57.56,
1967,India,IND,7.83,50134942203.00,3.22,1487733333.00,39.97,45.78,
1967,Mexico,MEX,5.85,26560000000.00,0.55,133600000.00,43.93,60.17,
1967,South Africa,ZAF,7.20,13777394495.00,2.79,373099850.80,39.31,51.15,
1967,China,CHN,-5.77,72881631327.00,,,33.96,53.85,
1967,World,WLD,4.16,2298980000000.00,6.11,,33.04,56.78,
1968,Germany,DEU,,,3.41,4544109352.00,15.70,70.47,2561.52
1968,France,FRA,4.49,129785000000.00,4.14,5148997849.00,17.50,71.31,2359.88
1968,Italy,ITA,6.54,87942231678.00,2.65,1991165044.00,17.70,70.78,1698.43
1968,Japan,JPN,12.88,146601000000.00,0.79,1168194444.00,18.70,71.61,1939.42
1968,Canada,CAN,5.00,71829810520.00,2.54,1797265817.00,17.60,72.35,5871.52
1968,Russian Federation,RUS,,,,,15.10,67.87,
1968,United States,USA,4.80,942500000000.00,9.27,84329031218.00,17.60,69.95,7073.48
1968,United Kingdom,GBR,5.44,107760000000.00,5.94,6220499923.00,17.20,71.72,3406.14
1968,Brazil,BRA,9.80,33930457425.00,2.65,755307566.70,36.78,58.03,
1968,India,IND,3.39,53085455871.00,3.25,1586866667.00,39.67,46.43,
1968,Mexico,MEX,9.42,29360000000.00,0.55,148800000.00,43.71,60.54,
1968,South Africa,ZAF,4.15,14894594048.00,2.76,399699840.10,39.05,51.62,
1968,China,CHN,-4.10,70846535056.00,,,35.59,55.84,
1968,World,WLD,5.95,2481350000000.00,6.00,,33.18,57.39,
1969,Germany,DEU,,,3.40,5150518691.00,14.70,70.55,2772.01
1969,France,FRA,7.11,141903000000.00,3.68,4964005294.00,17.30,71.46,2536.67
1969,Italy,ITA,6.10,97085082807.00,2.42,2003805617.00,17.40,70.81,1832.50
1969,Japan,JPN,12.48,172204000000.00,0.77,1335416667.00,18.50,71.84,2214.06
1969,Canada,CAN,5.05,79148411662.00,2.27,1770108751.00,17.60,72.50,6091.10
1969,Russian Federation,RUS,,,,,14.76,67.87,
1969,United States,USA,3.10,1019900000000.00,8.63,84990165431.00,17.90,70.51,7332.37
1969,United Kingdom,GBR,1.92,116465000000.00,5.50,6199702307.00,16.60,71.72,3557.13
1969,Brazil,BRA,9.50,37171640819.00,2.62,816622811.00,35.91,58.48,
1969,India,IND,6.54,58447995017.00,3.14,1691433333.00,39.39,47.08,
1969,Mexico,MEX,3.42,32480000000.00,0.60,180000000.00,43.42,60.93,
1969,South Africa,ZAF,4.72,16780393295.00,2.61,425599829.80,38.80,52.11,
1969,China,CHN,16.94,79705906247.00,,,34.11,57.60,
1969,World,WLD,5.83,2736900000000.00,5.58,,32.67,57.99,
1970,Germany,DEU,,215838000000.00,3.01,5805254072.00,13.40,70.64,3860.86
1970,France,FRA,6.11,148456000000.00,3.46,4941059320.00,17.00,71.66,2951.48
1970,Italy,ITA,5.27,113395000000.00,2.06,2216771793.00,16.70,71.56,2026.22
1970,Japan,JPN,2.51,212609000000.00,0.77,1575347222.00,18.70,71.95,2480.75
1970,Canada,CAN,,87896095320.00,2.19,1889157918.00,17.40,72.70,6476.39
1970,Russian Federation,RUS,,,,,14.67,68.13,
1970,United States,USA,-0.35,1073300000000.00,8.03,83407993005.00,18.40,70.81,7569.08
1970,United Kingdom,GBR,6.32,130672000000.00,5.20,6792098924.00,16.20,71.97,3684.95
1970,Brazil,BRA,10.40,42327664794.00,2.89,1026234374.00,35.12,58.91,
1970,India,IND,5.16,62422483055.00,3.19,1832966667.00,39.11,47.74,
1970,Mexico,MEX,6.50,35520000000.00,0.50,176800000.00,43.03,61.36,
1970,South Africa,ZAF,5.25,18418392640.00,2.33,417899832.80,38.54,52.62,
1970,China,CHN,19.30,92602973434.00,,,33.43,59.09,
1970,World,WLD,3.92,2992440000000.00,4.97,,32.38,58.58,
1971,Germany,DEU,3.13,249985000000.00,3.06,6829977561.00,12.90,70.74,3895.26
1971,France,FRA,5.32,165967000000.00,3.32,5291990761.00,16.70,71.91,3027.82
1971,Italy,ITA,1.82,124672000000.00,2.24,2648079366.00,16.80,71.81,1949.15
1971,Japan,JPN,4.70,240152000000.00,0.82,1896540416.00,19.10,72.88,2531.09
1971,Canada,CAN,,99271961775.00,2.13,2077659711.00,16.80,73.03,6436.23
1971,Russian Federation,RUS,,,,,14.77,68.38,
1971,United States,USA,3.29,1164850000000.00,6.94,78237979893.00,17.20,71.11,7644.52
1971,United Kingdom,GBR,3.50,148114000000.00,5.08,7518385128.00,16.10,72.27,3733.28
1971,Brazil,BRA,11.34,48869830902.00,2.62,1075071453.00,34.43,59.33,715.84
1971,India,IND,1.64,67350988021.00,3.65,2255256983.00,38.82,48.40,267.35
1971,Mexico,MEX,3.76,39200000000.00,0.49,191200000.00,42.52,61.83,809.64
1971,South Africa,ZAF,4.28,20333691316.00,2.46,485866527.20,38.27,53.16,2004.34
1971,China,CHN,7.06,99800958648.00,,,30.65,60.30,464.93
1971,World,WLD,4.29,3305490000000.00,4.49,,31.57,59.11,1337.61
1972,Germany,DEU,4.30,299802000000.00,3.17,8478070554.00,11.50,70.87,4017.34
1972,France,FRA,4.51,203494000000.00,3.23,6326060061.00,16.30,72.11,3170.75
1972,Italy,ITA,3.69,145260000000.00,2.39,3289362465.00,16.30,72.08,2050.74
1972,Japan,JPN,8.41,318031000000.00,0.84,2567519428.00,19.20,73.51,2667.05
1972,Canada,CAN,,113083000000.00,2.01,2233737031.00,15.90,72.93,6863.44
1972,Russian Federation,RUS,,,,,14.96,68.31,
1972,United States,USA,5.26,1279110000000.00,6.52,80708070966.00,15.60,71.16,7941.00
1972,United Kingdom,GBR,4.32,169965000000.00,5.17,8789192637.00,14.90,72.12,3747.96
1972,Brazil,BRA,11.94,58434858375.00,2.44,1195501488.00,33.87,59.74,749.01
1972,India,IND,-0.55,71463193830.00,3.72,2497244706.00,38.52,49.06,267.31
1972,Mexico,MEX,8.23,45200000000.00,0.54,242400000.00,41.90,62.33,869.19
1972,South Africa,ZAF,1.65,21357435928.00,2.37,492386546.20,37.96,53.71,1984.18
1972,China,CHN,3.81,113688000000.00,,,29.77,61.34,477.17
1972,World,WLD,5.63,3811560000000.00,4.22,,31.07,59.60,1372.43
1973,Germany,DEU,4.78,398374000000.00,3.16,11237904808.00,10.30,71.02,4240.06
1973,France,FRA,6.34,264430000000.00,3.14,7976535302.00,15.90,72.36,3385.51
1973,Italy,ITA,7.13,175492000000.00,2.20,3638240139.00,16.00,72.03,2175.59
1973,Japan,JPN,8.03,432083000000.00,0.82,3374561100.00,19.40,73.76,2947.08
1973,Canada,CAN,,131322000000.00,1.83,2363060955.00,15.60,73.16,7084.62
1973,Russian Federation,RUS,,,,,15.17,68.29,
1973,United States,USA,5.65,1425380000000.00,5.89,81469794408.00,14.80,71.36,8163.60
1973,United Kingdom,GBR,6.52,192538000000.00,4.91,9446894124.00,13.90,72.32,3880.65
1973,Brazil,BRA,13.97,83592275863.00,2.15,1512670977.00,33.41,60.13,801.68
1973,India,IND,3.30,85515269586.00,3.16,2529921054.00,38.20,49.72,268.60
1973,Mexico,MEX,7.86,55280000000.00,0.54,300800000.00,41.18,62.85,933.09
1973,South Africa,ZAF,4.57,29295674714.00,2.65,752926325.60,37.61,54.28,2056.77
1973,China,CHN,7.76,138544000000.00,,,27.93,62.28,483.72
1973,World,WLD,6.42,4650050000000.00,3.77,,30.45,60.05,1418.52
1974,Germany,DEU,0.89,445303000000.00,3.26,12965199627.00,10.20,71.20,4158.27
1974,France,FRA,4.30,285552000000.00,3.09,8361637313.00,15.50,72.60,3253.33
1974,Italy,ITA,5.50,199564000000.00,2.07,3890003394.00,15.80,72.73,2212.21
1974,Japan,JPN,-1.23,479626000000.00,0.86,3962157887.00,18.40,74.39,2924.25
1974,Canada,CAN,,160409000000.00,1.78,2809465529.00,15.40,73.24,7090.00
1974,Russian Federation,RUS,,,,,15.36,68.32,
1974,United States,USA,-0.54,1545240000000.00,5.95,89278920340.00,14.80,71.96,7909.59
1974,United Kingdom,GBR,-2.48,206131000000.00,5.07,10450754432.00,13.10,72.52,3734.84
1974,Brazil,BRA,8.15,109795000000.00,1.94,1790114213.00,33.06,60.51,833.20
1974,India,IND,1.19,99525899116.00,3.20,2895415720.00,37.87,50.37,272.71
1974,Mexico,MEX,5.78,72000000000.00,0.57,407200000.00,40.38,63.38,964.95
1974,South Africa,ZAF,6.11,36807721038.00,3.09,1102318401.00,37.24,54.86,2077.14
1974,China,CHN,2.31,144182000000.00,,,24.82,63.13,486.17
1974,World,WLD,1.81,5359410000000.00,3.79,,29.61,60.54,1391.13
1975,Germany,DEU,-0.87,490637000000.00,3.28,14381443616.00,9.90,71.40,3984.97
1975,France,FRA,-0.96,360832000000.00,3.20,10945218802.00,15.00,72.85,3058.74
1975,Italy,ITA,-2.09,227696000000.00,1.98,4217069829.00,14.90,72.65,2106.08
1975,Japan,JPN,3.09,521542000000.00,0.91,4534902135.00,17.00,75.06,2734.12
1975,Canada,CAN,,173834000000.00,1.86,3180915490.00,15.80,73.52,7170.41
1975,Russian Federation,RUS,,,,,15.51,67.72,
1975,United States,USA,-0.21,1684900000000.00,5.62,92080928754.00,14.60,72.60,7656.26
1975,United Kingdom,GBR,-1.47,241757000000.00,5.34,12907674884.00,12.40,72.72,3545.82
1975,Brazil,BRA,5.17,129204000000.00,1.97,2141126693.00,32.80,60.88,849.57
1975,India,IND,9.15,98472796457.00,3.53,3323646801.00,37.53,51.01,275.91
1975,Mexico,MEX,5.74,88000000000.00,0.57,504800000.00,39.49,63.92,992.23
1975,South Africa,ZAF,1.70,38114542813.00,3.87,1431695127.00,36.88,55.43,2142.13
1975,China,CHN,8.72,163432000000.00,,,23.01,63.92,527.49
1975,World,WLD,0.60,5970100000000.00,3.80,,28.98,60.99,1366.36
1976,Germany,DEU,4.95,519754000000.00,3.14,14549820055.00,10.20,71.63,4314.58
1976,France,FRA,4.36,372319000000.00,3.16,11175248198.00,14.60,73.10,3247.75
1976,Italy,ITA,7.13,224717000000.00,1.83,3844185965.00,14.00,72.99,2264.06
1976,Japan,JPN,3.97,586162000000.00,0.89,5008396504.00,16.20,75.46,2876.70
1976,Canada,CAN,,206576000000.00,1.77,3581805735.00,15.60,73.86,7293.70
1976,Russian Federation,RUS,,,,,15.64,67.49,
1976,United States,USA,5.39,1873410000000.00,5.19,94715251080.00,14.60,72.86,8100.56
1976,United Kingdom,GBR,2.91,232615000000.00,5.18,12038757739.00,12.00,72.78,3616.98
1976,Brazil,BRA,10.26,153169000000.00,2.00,2576476982.00,32.62,61.24,870.86
1976,India,IND,1.66,102717000000.00,3.48,3294910612.00,37.21,51.63,280.45
1976,Mexico,MEX,4.42,89025974026.00,0.60,531576968.50,38.56,64.47,1033.44
1976,South Africa,ZAF,2.25,36603349970.00,4.73,1677275419.00,36.56,55.99,2161.07
1976,China,CHN,-1.57,153940000000.00,,,19.91,64.63,537.17
1976,World,WLD,5.30,6490820000000.00,3.67,,28.15,61.41,1421.10
1977,Germany,DEU,3.35,600498000000.00,3.04,16288883939.00,10.30,71.88,4336.09
1977,France,FRA,3.46,410279000000.00,3.23,12634633833.00,14.30,73.35,3172.81
1977,Italy,ITA,2.56,257596000000.00,1.89,4556493518.00,13.20,73.36,2204.18
1977,Japan,JPN,4.39,721412000000.00,0.89,6157312577.00,15.40,75.90,2899.68
1977,Canada,CAN,,211612000000.00,1.81,3752174526.00,15.50,74.22,7431.44
1977,Russian Federation,RUS,,,,,15.78,67.38,
1977,United States,USA,4.62,2081830000000.00,5.16,104665000000.00,15.10,73.26,8285.57
1977,United Kingdom,GBR,2.46,263066000000.00,4.92,12952124606.00,11.70,73.22,3695.38
1977,Brazil,BRA,4.93,176344000000.00,1.69,2499644658.00,32.47,61.60,878.91
1977,India,IND,7.25,121487000000.00,3.16,3477080945.00,36.91,52.22,281.95
1977,Mexico,MEX,3.39,81814159292.00,0.53,437692985.80,37.59,65.01,1088.62
1977,South Africa,ZAF,-0.09,40651349967.00,5.26,2073738018.00,36.32,56.54,2152.22
1977,China,CHN,7.57,174938000000.00,,,18.93,65.28,577.21
1977,World,WLD,4.08,7341430000000.00,3.75,,27.82,61.83,1445.22
1978,Germany,DEU,3.01,740470000000.00,3.05,20159786212.00,10.40,72.14,4483.88
1978,France,FRA,3.98,506708000000.00,3.15,15852894823.00,14.10,73.60,3369.34
1978,Italy,ITA,3.24,315058000000.00,1.88,5540992658.00,12.60,73.69,2247.57
1978,Japan,JPN,5.27,1013610000000.00,0.89,8657135933.00,14.80,76.04,2897.96
1978,Canada,CAN,,218633000000.00,1.85,3969158477.00,15.20,74.53,7561.74
1978,Russian Federation,RUS,,,,,15.95,67.39,
1978,United States,USA,5.54,2351600000000.00,4.94,113382000000.00,15.00,73.36,8438.40
1978,United Kingdom,GBR,4.20,335883000000.00,4.73,15897336096.00,12.20,73.18,3675.44
1978,Brazil,BRA,4.97,200279000000.00,1.60,2690623102.00,32.33,61.94,913.32
1978,India,IND,5.71,137300000000.00,3.13,3975819130.00,36.64,52.79,279.38
1978,Mexico,MEX,8.96,102500000000.00,0.50,518287192.60,36.63,65.54,1186.65
1978,South Africa,ZAF,3.01,46739449962.00,4.56,2067988017.00,36.17,57.07,2218.84
1978,China,CHN,11.33,149541000000.00,,,18.25,65.86,617.15
1978,World,WLD,4.11,8646230000000.00,3.57,,27.55,62.19,1476.55
1979,Germany,DEU,4.15,881345000000.00,2.96,23323130253.00,10.50,72.41,4685.30
1979,France,FRA,3.55,613953000000.00,3.14,19040482589.00,14.00,73.85,3495.90
1979,Italy,ITA,5.96,393677000000.00,1.87,6904107163.00,11.90,74.00,2340.04
1979,Japan,JPN,5.48,1055010000000.00,0.91,9173587661.00,14.10,76.34,3043.53
1979,Canada,CAN,,243072000000.00,1.71,4084145738.00,15.40,74.87,7862.21
1979,Russian Federation,RUS,,,,,15.80,67.11,
1979,United States,USA,3.17,2627330000000.00,4.95,126880000000.00,15.60,73.80,8327.04
1979,United Kingdom,GBR,3.75,438994000000.00,4.68,20544684886.00,13.10,73.28,3858.98
1979,Brazil,BRA,6.76,221338000000.00,1.52,2829161200.00,32.14,62.29,948.40
1979,India,IND,-5.24,152992000000.00,3.26,4589738352.00,36.40,53.32,285.54
1979,Mexico,MEX,9.70,134561000000.00,0.51,679663588.40,35.69,66.06,1269.81
1979,South Africa,ZAF,3.79,57645721018.00,3.86,2160867340.00,36.08,57.59,2234.70
1979,China,CHN,7.59,178281000000.00,,,17.82,66.38,619.04
1979,World,WLD,4.19,10042600000000.00,3.50,,27.41,62.56,1493.38
1980,Germany,DEU,1.41,950291000000.00,2.96,25125769752.00,11.10,72.68,4562.30
1980,France,FRA,1.58,701288000000.00,3.16,22198183002.00,14.00,74.05,3476.52
1980,Italy,ITA,3.43,477257000000.00,1.76,7915696626.00,11.30,73.94,2318.43
1980,Japan,JPN,2.82,1105390000000.00,0.91,9711741591.00,13.50,76.09,2949.50
1980,Canada,CAN,,273854000000.00,1.76,4744402251.00,15.40,75.08,7828.84
1980,Russian Federation,RUS,,,,,15.90,67.03,
1980,United States,USA,-0.26,2857310000000.00,5.15,143688000000.00,15.90,73.61,7942.25
1980,United Kingdom,GBR,-2.03,564948000000.00,5.02,28360159220.00,13.40,73.68,3523.65
1980,Brazil,BRA,9.20,237393000000.00,1.14,2259307479.00,31.88,62.63,943.30
1980,India,IND,6.74,186325000000.00,3.13,5420809519.00,36.17,53.81,286.16
1980,Mexico,MEX,9.23,205139000000.00,0.42,810422203.80,34.81,66.55,1403.67
1980,South Africa,ZAF,6.62,82980483388.00,3.30,2661671165.00,36.03,58.11,2289.56
1980,China,CHN,7.83,191149000000.00,,,18.21,66.84,609.46
1980,World,WLD,1.81,11321400000000.00,3.52,366321000000.00,27.42,62.84,1454.89
1981,Germany,DEU,0.53,800472000000.00,3.04,21738730858.00,11.00,72.95,4399.50
1981,France,FRA,1.07,615552000000.00,3.25,20047753849.00,14.10,74.30,3379.17
1981,Italy,ITA,0.84,430703000000.00,1.82,7387713298.00,11.00,74.35,2265.93
1981,Japan,JPN,4.21,1218990000000.00,0.92,10851176225.00,13.00,76.41,2864.05
1981,Canada,CAN,,306215000000.00,1.71,5141128191.00,15.30,75.46,7555.24
1981,Russian Federation,RUS,,,,,16.00,67.26,
1981,United States,USA,2.54,3207040000000.00,5.65,176559000000.00,15.80,74.01,7647.54
1981,United Kingdom,GBR,-0.79,540766000000.00,4.98,26948261221.00,13.00,74.03,3415.38
1981,Brazil,BRA,-4.25,258015000000.00,1.14,2517859757.00,31.49,62.98,883.88
1981,India,IND,6.01,193491000000.00,3.19,5879007036.00,35.92,54.27,293.74
1981,Mexico,MEX,8.53,263959000000.00,0.51,1284948561.00,34.00,67.03,1463.21
1981,South Africa,ZAF,5.36,85454420500.00,3.64,3011979548.00,35.98,58.64,2451.92
1981,China,CHN,5.11,195866000000.00,,,20.91,67.26,597.15
1981,World,WLD,1.93,11712400000000.00,3.80,404073000000.00,27.89,63.18,1414.45
1982,Germany,DEU,-0.39,776576000000.00,3.03,21037571076.00,11.00,73.23,4257.86
1982,France,FRA,2.51,584878000000.00,3.22,18918492344.00,14.20,74.50,3280.26
1982,Italy,ITA,0.41,427273000000.00,2.01,8062597403.00,10.90,74.81,2206.54
1982,Japan,JPN,3.31,1134520000000.00,0.93,10193936012.00,12.80,76.92,2839.87
1982,Canada,CAN,,313507000000.00,1.95,6017321456.00,15.10,75.76,7173.56
1982,Russian Federation,RUS,,,,,16.60,67.81,
1982,United States,USA,-1.80,3343790000000.00,6.81,221674000000.00,15.90,74.36,7259.08
1982,United Kingdom,GBR,1.99,515049000000.00,5.38,27714188335.00,12.80,74.18,3397.12
1982,Brazil,BRA,0.83,271314000000.00,1.30,3031328924.00,30.99,63.33,877.86
1982,India,IND,3.48,200715000000.00,3.35,6302107956.00,35.63,54.69,298.08
1982,Mexico,MEX,-0.52,184609000000.00,0.50,858130162.70,33.26,67.49,1495.76
1982,South Africa,ZAF,-0.38,78423059790.00,3.61,2744699858.00,35.88,59.19,2594.19
1982,China,CHN,9.02,205090000000.00,,,22.28,67.63,606.83
1982,World,WLD,0.42,11595900000000.00,4.33,,28.09,63.51,1383.90
1983,Germany,DEU,1.57,770684000000.00,3.03,20828212902.00,10.60,73.51,4268.05
1983,France,FRA,1.24,559869000000.00,3.24,18188520275.00,14.20,74.80,3347.53
1983,Italy,ITA,1.17,443042000000.00,2.02,8409527116.00,10.60,74.64,2203.86
1983,Japan,JPN,3.52,1243320000000.00,0.95,11429317256.00,12.70,76.96,2822.74
1983,Canada,CAN,,340548000000.00,2.08,6947104072.00,15.00,76.07,7076.52
1983,Russian Federation,RUS,,,,,17.50,67.65,
1983,United States,USA,4.58,3634040000000.00,6.32,223427000000.00,15.60,74.46,7199.12
1983,United Kingdom,GBR,4.22,489618000000.00,5.40,26423122399.00,12.80,74.38,3377.90
1983,Brazil,BRA,-2.93,189657000000.00,1.25,2082669251.00,30.37,63.68,879.25
1983,India,IND,7.29,218262000000.00,3.32,6830768698.00,35.29,55.07,300.70
1983,Mexico,MEX,-3.49,156159000000.00,0.52,778556797.20,32.59,67.94,1376.33
1983,South Africa,ZAF,-1.85,87415851376.00,3.60,3052688269.00,35.68,59.77,2569.61
1983,China,CHN,10.77,230687000000.00,,,20.19,67.95,621.91
1983,World,WLD,2.62,11823700000000.00,4.18,,27.49,63.76,1374.39
1984,Germany,DEU,2.82,725111000000.00,2.93,18943609976.00,10.40,73.78,4447.32
1984,France,FRA,1.51,530684000000.00,3.19,16977866455.00,14.30,75.00,3448.50
1984,Italy,ITA,3.23,437888000000.00,2.01,8296144788.00,10.40,75.39,2253.72
1984,Japan,JPN,4.50,1318380000000.00,0.96,12225078098.00,12.50,77.37,3016.18
1984,Canada,CAN,,355373000000.00,2.12,7349795764.00,15.00,76.22,7368.74
1984,Russian Federation,RUS,,,,,16.90,67.20,
1984,United States,USA,7.24,4037610000000.00,6.24,245149000000.00,15.60,74.56,7443.32
1984,United Kingdom,GBR,2.27,461487000000.00,5.51,25418839536.00,12.90,74.78,3370.52
1984,Brazil,BRA,5.40,188340000000.00,1.20,2013151758.00,29.65,64.04,915.08
1984,India,IND,3.82,212158000000.00,3.42,6956682449.00,34.89,55.44,306.07
1984,Mexico,MEX,3.41,184261000000.00,0.66,1155945373.00,31.99,68.38,1406.28
1984,South Africa,ZAF,5.10,77344092907.00,3.70,2770152107.00,35.36,60.35,2713.66
1984,China,CHN,15.19,259947000000.00,,,19.90,68.23,651.07
1984,World,WLD,4.68,12255600000000.00,4.18,459879000000.00,27.22,64.02,1405.80
1985,Germany,DEU,2.33,732535000000.00,2.87,18752463333.00,10.50,74.05,4598.14
1985,France,FRA,1.62,553138000000.00,3.14,17455151458.00,14.20,75.30,3597.64
1985,Italy,ITA,2.80,452217000000.00,1.94,8253390533.00,10.20,75.47,2284.81
1985,Japan,JPN,5.23,1398890000000.00,0.96,13087751954.00,11.90,77.65,3003.17
1985,Canada,CAN,,364756000000.00,2.10,7460563318.00,14.90,76.37,7468.10
1985,Russian Federation,RUS,,,,,16.60,67.86,
1985,United States,USA,4.17,4338980000000.00,6.45,272163000000.00,15.80,74.56,7456.26
1985,United Kingdom,GBR,4.15,489285000000.00,5.32,26031881546.00,13.30,74.63,3550.78
1985,Brazil,BRA,7.85,210880000000.00,1.43,2687049984.00,28.84,64.41,956.23
1985,India,IND,5.25,232512000000.00,3.57,7567024020.00,34.42,55.80,314.90
1985,Mexico,MEX,2.19,195220000000.00,0.68,1241863652.00,31.43,68.81,1429.45
1985,South Africa,ZAF,-1.21,59082638804.00,3.70,2117406345.00,34.87,60.95,2643.91
1985,China,CHN,13.43,309488000000.00,,,21.04,68.47,657.76
1985,World,WLD,3.71,12889900000000.00,4.23,486713000000.00,27.25,64.28,1415.90
1986,Germany,DEU,2.29,1046260000000.00,2.79,26065367271.00,10.90,74.31,4589.15
1986,France,FRA,2.34,771471000000.00,3.09,23901440137.00,14.10,75.60,3632.92
1986,Italy,ITA,2.86,640386000000.00,1.98,11941809156.00,9.80,75.77,2311.55
1986,Japan,JPN,3.33,2078950000000.00,0.96,19457334441.00,11.40,78.06,3020.81
1986,Canada,CAN,,377438000000.00,2.11,7780136740.00,14.50,76.52,7521.89
1986,Russian Federation,RUS,,,,,17.20,69.39,
1986,United States,USA,3.46,4579630000000.00,6.63,295546000000.00,15.60,74.61,7376.10
1986,United Kingdom,GBR,3.15,601453000000.00,5.06,30432577940.00,13.30,74.93,3597.94
1986,Brazil,BRA,7.49,256481000000.00,1.22,2758186568.00,27.99,64.78,980.42
1986,India,IND,4.78,248986000000.00,4.11,9539363086.00,33.89,56.17,318.87
1986,Mexico,MEX,-3.08,134550000000.00,0.63,817296611.70,30.91,69.23,1361.72
1986,South Africa,ZAF,0.02,67521602553.00,3.82,2497888430.00,34.21,61.54,2686.26
1986,China,CHN,8.95,300758000000.00,,,22.43,68.67,671.21
1986,World,WLD,3.45,15241200000000.00,3.92,531749000000.00,27.33,64.58,1417.91
1987,Germany,DEU,1.40,1298180000000.00,2.77,32131496921.00,11.20,74.56,4616.40
1987,France,FRA,2.56,934173000000.00,3.12,29280470206.00,14.00,75.80,3702.24
1987,Italy,ITA,3.19,805713000000.00,2.06,15653065895.00,9.70,76.22,2407.26
1987,Japan,JPN,4.73,2532810000000.00,0.97,23642290700.00,11.10,78.48,3044.66
1987,Canada,CAN,,431317000000.00,2.06,8694447168.00,14.40,76.72,7671.20
1987,Russian Federation,RUS,,,,,17.20,69.44,
1987,United States,USA,3.46,4855220000000.00,6.42,304087000000.00,15.70,74.77,7622.17
1987,United Kingdom,GBR,5.39,745163000000.00,4.69,34921759890.00,13.70,75.28,3619.08
1987,Brazil,BRA,3.53,283057000000.00,1.74,4323674770.00,27.13,65.17,998.40
1987,India,IND,3.97,279034000000.00,4.23,10877406164.00,33.32,56.55,323.88
1987,Mexico,MEX,1.72,147541000000.00,0.58,813391574.40,30.40,69.65,1403.21
1987,South Africa,ZAF,2.10,88573697223.00,4.19,3595968625.00,33.39,62.11,2718.50
1987,China,CHN,11.66,272973000000.00,,,23.33,68.83,694.42
1987,World,WLD,3.74,17347600000000.00,3.79,600270000000.00,27.28,64.83,1444.24
1988,Germany,DEU,3.71,1401230000000.00,2.64,33036667269.00,11.40,74.79,4629.18
1988,France,FRA,4.74,1018850000000.00,2.96,30327270741.00,13.80,76.10,3665.57
1988,Italy,ITA,4.19,891609000000.00,2.07,17403664790.00,10.10,76.37,2462.80
1988,Japan,JPN,6.79,3071680000000.00,0.95,28216102753.00,10.80,78.40,3243.60
1988,Canada,CAN,,507354000000.00,1.99,9897335684.00,14.50,76.92,7885.24
1988,Russian Federation,RUS,,554713000000.00,,,16.00,69.46,
1988,United States,USA,4.18,5236440000000.00,6.07,309661000000.00,16.00,74.77,7849.75
1988,United Kingdom,GBR,5.73,910123000000.00,4.21,38357236514.00,13.80,75.38,3643.01
1988,Brazil,BRA,-0.06,308334000000.00,2.12,5874167753.00,26.30,65.55,992.59
1988,India,IND,9.63,296589000000.00,3.73,11346419153.00,32.73,56.96,334.26
1988,Mexico,MEX,1.28,181612000000.00,0.54,981914645.60,29.89,70.06,1392.42
1988,South Africa,ZAF,4.20,95176640968.00,4.62,4263086823.00,32.45,62.62,2763.77
1988,China,CHN,11.22,312354000000.00,,,22.37,68.95,720.34
1988,World,WLD,4.66,19373500000000.00,3.53,638840000000.00,26.79,65.03,1469.54
1989,Germany,DEU,3.90,1398970000000.00,2.53,31631605145.00,11.20,75.01,4514.70
1989,France,FRA,4.34,1025210000000.00,2.88,29665454335.00,13.60,76.35,3795.90
1989,Italy,ITA,3.39,928661000000.00,2.03,17675486539.00,9.90,76.82,2566.11
1989,Japan,JPN,4.86,3054910000000.00,0.94,27966353542.00,10.20,78.82,3352.01
1989,Canada,CAN,,565056000000.00,1.93,10747134689.00,14.90,77.12,7963.30
1989,Russian Federation,RUS,,506500000000.00,,,14.60,69.17,
1989,United States,USA,3.67,5641580000000.00,5.87,321867000000.00,16.40,75.02,7890.29
1989,United Kingdom,GBR,2.58,926885000000.00,4.04,37456646813.00,13.60,75.58,3626.30
1989,Brazil,BRA,3.16,347028000000.00,2.69,8761486966.00,25.53,65.95,993.91
1989,India,IND,5.95,296042000000.00,3.53,10589796925.00,32.12,57.40,342.70
1989,Mexico,MEX,4.11,221401000000.00,0.52,1153375828.00,29.35,70.47,1426.67
1989,South Africa,ZAF,2.39,99030856825.00,4.36,4181886467.00,31.41,63.04,2585.62
1989,China,CHN,4.21,347768000000.00,2.45,11251332630.00,21.58,69.05,724.12
1989,World,WLD,3.74,20171300000000.00,3.44,658524000000.00,26.27,65.25,1475.93
1990,Germany,DEU,5.26,1771670000000.00,2.52,39834666880.00,11.40,75.23,4421.36
1990,France,FRA,2.92,1269180000000.00,2.81,35774430325.00,13.40,76.60,3846.63
1990,Italy,ITA,1.99,1181220000000.00,1.88,20734625579.00,10.00,76.97,2583.89
1990,Japan,JPN,4.89,3132820000000.00,0.94,28800451682.00,10.00,78.84,3552.86
1990,Canada,CAN,,593930000000.00,1.96,11414631847.00,15.00,77.42,7630.09
1990,Russian Federation,RUS,-3.00,516814000000.00,,,13.40,68.89,5941.59
1990,United States,USA,1.89,5963140000000.00,5.61,325129000000.00,16.70,75.21,7671.77
1990,United Kingdom,GBR,0.73,1093170000000.00,3.98,43545094840.00,13.90,75.88,3597.05
1990,Brazil,BRA,-4.35,390726000000.00,2.36,9236296955.00,24.84,66.34,940.97
1990,India,IND,5.53,320979000000.00,3.15,10537035450.00,31.52,57.87,350.08
1990,Mexico,MEX,5.18,261254000000.00,0.43,1210872502.00,28.80,70.87,1473.39
1990,South Africa,ZAF,-0.32,115552000000.00,3.90,4364458204.00,30.31,63.31,2471.60
1990,China,CHN,3.92,360858000000.00,2.45,9926349251.00,21.06,69.15,767.00
1990,World,WLD,2.88,22739500000000.00,3.31,713011000000.00,25.88,65.43,1663.81
1991,Germany,DEU,5.11,1868950000000.00,2.00,37196729730.00,10.40,75.32,4302.89
1991,France,FRA,1.05,1269280000000.00,2.81,35869120915.00,13.20,76.85,4043.10
1991,Italy,ITA,1.54,1246220000000.00,1.86,21585706772.00,9.90,77.02,2645.67
1991,Japan,JPN,3.42,3584420000000.00,0.94,32785415754.00,9.90,79.10,3574.01
1991,Canada,CAN,,610328000000.00,1.90,11338503299.00,14.40,77.62,7517.33
1991,Russian Federation,RUS,-5.05,517963000000.00,,,12.10,68.47,5870.23
1991,United States,USA,-0.11,6158130000000.00,4.88,299373000000.00,16.20,75.37,7631.47
1991,United Kingdom,GBR,-1.10,1142800000000.00,4.12,47045457327.00,13.80,76.08,3707.95
1991,Brazil,BRA,1.03,342609000000.00,1.96,6694665295.00,24.25,66.74,942.04
1991,India,IND,1.06,270105000000.00,2.91,8622473881.00,30.92,58.35,357.37
1991,Mexico,MEX,4.21,313143000000.00,0.44,1459136041.00,28.24,71.25,1518.49
1991,South Africa,ZAF,-1.02,123943000000.00,3.22,3874415135.00,29.19,63.38,2518.12
1991,China,CHN,9.26,383373000000.00,2.31,9802375366.00,19.68,69.24,736.85
1991,World,WLD,1.45,23707000000000.00,3.01,698285000000.00,25.21,65.62,1649.65
1992,Germany,DEU,1.92,2131570000000.00,1.86,39502452271.00,10.00,75.82,4190.98
1992,France,FRA,1.60,1401470000000.00,2.69,37902269821.00,13.10,77.10,3954.00
1992,Italy,ITA,0.83,1320160000000.00,1.75,22177090390.00,10.00,77.42,2627.34
1992,Japan,JPN,0.85,3908810000000.00,0.95,35999123576.00,9.80,79.15,3644.19
1992,Canada,CAN,,592388000000.00,1.86,10788803124.00,14.10,77.72,7601.69
1992,Russian Federation,RUS,-14.53,460291000000.00,4.43,,10.70,66.87,5356.51
1992,United States,USA,3.52,6520330000000.00,4.97,325034000000.00,15.80,75.62,7677.40
1992,United Kingdom,GBR,0.40,1179660000000.00,3.86,45592591818.00,13.60,76.43,3684.72
1992,Brazil,BRA,-0.54,328188000000.00,1.52,4993804467.00,23.72,67.14,935.75
1992,India,IND,5.48,288208000000.00,2.70,8083231410.00,30.35,58.85,363.08
1992,Mexico,MEX,3.54,363158000000.00,0.47,1824550066.00,27.68,71.61,1503.68
1992,South Africa,ZAF,-2.14,134545000000.00,2.82,3677406461.00,28.10,63.25,2290.67
1992,China,CHN,14.22,426916000000.00,2.45,12244267842.00,18.27,69.36,752.63
1992,World,WLD,2.06,25393700000000.00,2.94,730299000000.00,24.58,65.77,1621.34
1993,Germany,DEU,-0.98,2071320000000.00,1.69,35030537589.00,9.80,75.87,4122.70
1993,France,FRA,-0.63,1322820000000.00,2.69,35775273293.00,13.00,77.30,4001.90
1993,Italy,ITA,-0.85,1064960000000.00,1.79,18242013901.00,9.70,77.72,2611.99
1993,Japan,JPN,-0.52,4454140000000.00,0.95,41353936222.00,9.60,79.29,3655.97
1993,Canada,CAN,,577171000000.00,1.82,10268822622.00,13.50,77.82,7770.55
1993,Russian Federation,RUS,-8.67,435084000000.00,4.18,7766720078.00,9.40,64.94,5059.86
1993,United States,USA,2.75,6858560000000.00,4.60,316719000000.00,15.40,75.42,7709.50
1993,United Kingdom,GBR,2.49,1061390000000.00,3.59,38113206791.00,13.20,76.39,3713.19
1993,Brazil,BRA,4.92,368296000000.00,1.93,7099899155.00,23.25,67.54,943.33
1993,India,IND,4.75,279296000000.00,2.82,8253542581.00,29.79,59.35,364.51
1993,Mexico,MEX,1.94,500736000000.00,0.44,2122980338.00,27.13,71.95,1502.22
1993,South Africa,ZAF,1.23,147197000000.00,2.50,3254313379.00,27.06,62.89,2395.38
1993,China,CHN,13.88,444731000000.00,1.93,12360225861.00,18.09,69.50,788.13
1993,World,WLD,1.81,25822500000000.00,2.77,698673000000.00,24.18,65.88,1613.04
1994,Germany,DEU,2.39,2205070000000.00,1.55,34197705640.00,9.50,76.27,4088.80
1994,France,FRA,2.36,1393980000000.00,2.66,37288606060.00,12.50,77.65,3836.11
1994,Italy,ITA,2.15,1099220000000.00,1.71,18062459082.00,9.40,77.92,2578.47
1994,Japan,JPN,0.99,4998800000000.00,0.92,45285594083.00,10.00,79.69,3844.29
1994,Canada,CAN,,578139000000.00,1.70,9577377640.00,13.30,77.83,7957.25
1994,Russian Federation,RUS,-12.57,395077000000.00,4.52,13547871733.00,9.50,64.47,4426.67
1994,United States,USA,4.03,7287240000000.00,4.22,308084000000.00,15.00,75.62,7757.83
1994,United Kingdom,GBR,3.85,1140490000000.00,3.38,38569013505.00,13.00,76.89,3732.52
1994,Brazil,BRA,5.85,525370000000.00,2.02,10591499118.00,22.83,67.93,976.98
1994,India,IND,6.66,327276000000.00,2.66,8880551226.00,29.26,59.84,371.23
1994,Mexico,MEX,4.94,527813000000.00,0.52,2635284079.00,26.60,72.28,1509.94
1994,South Africa,ZAF,3.20,153513000000.00,2.56,3478582291.00,26.11,62.33,2420.08
1994,China,CHN,13.04,564325000000.00,1.69,9867120066.00,17.70,69.67,816.16
1994,World,WLD,3.30,27872400000000.00,2.58,707808000000.00,23.80,66.09,1599.01
1995,Germany,DEU,1.54,2585790000000.00,1.50,38742699103.00,9.40,76.42,4119.69
1995,France,FRA,2.11,1601090000000.00,2.49,40124024138.00,12.80,77.75,3981.35
1995,Italy,ITA,2.89,1174660000000.00,1.47,17185853004.00,9.20,78.17,2799.38
1995,Japan,JPN,2.63,5545560000000.00,0.92,49961673237.00,9.54,79.54,3934.96
1995,Canada,CAN,,604032000000.00,1.55,9176903908.00,12.90,78.03,7979.90
1995,Russian Federation,RUS,-4.14,395537000000.00,3.78,12741629470.00,9.30,64.69,4290.69
1995,United States,USA,2.68,7639750000000.00,3.86,295853000000.00,14.60,75.62,7763.76
1995,United Kingdom,GBR,2.53,1346420000000.00,2.85,38294283080.00,12.60,76.84,3728.96
1995,Brazil,BRA,4.22,769333000000.00,1.86,14318919608.00,22.42,68.32,994.29
1995,India,IND,7.57,360282000000.00,2.58,9754464630.00,28.75,60.32,385.09
1995,Mexico,MEX,-6.29,360074000000.00,0.45,1562615372.00,26.10,72.60,1437.65
1995,South Africa,ZAF,3.10,171735000000.00,2.12,3292446562.00,25.28,61.56,2498.89
1995,China,CHN,10.95,734548000000.00,1.69,12385129475.00,17.12,69.89,866.83
1995,World,WLD,3.09,31043800000000.00,2.39,726591000000.00,23.37,66.27,1616.15
1996,Germany,DEU,0.81,2497240000000.00,1.47,36701189772.00,9.70,76.67,4246.55
1996,France,FRA,1.41,1605680000000.00,2.41,38977734096.00,12.80,77.95,4191.92
1996,Italy,ITA,1.27,1312430000000.00,1.59,20793128832.00,9.30,78.52,2796.15
1996,Japan,JPN,3.13,4923390000000.00,0.91,44047104680.00,9.60,80.20,4008.48
1996,Canada,CAN,,628546000000.00,1.40,8615884471.00,12.40,78.18,8053.45
1996,Russian Federation,RUS,-3.76,391725000000.00,3.76,15826340652.00,8.90,65.85,4252.61
1996,United States,USA,3.77,8073120000000.00,3.55,287961000000.00,14.40,76.03,7844.47
1996,United Kingdom,GBR,2.43,1421510000000.00,2.72,38566134645.00,12.60,77.09,3879.82
1996,Brazil,BRA,2.21,850426000000.00,1.65,14073226545.00,22.02,68.70,1030.67
1996,India,IND,7.55,392897000000.00,2.47,9904672736.00,28.26,60.78,389.43
1996,Mexico,MEX,6.77,410976000000.00,0.48,1882873103.00,25.61,72.93,1445.93
1996,South Africa,ZAF,4.30,163237000000.00,1.76,2591787131.00,24.57,60.60,2504.90
1996,China,CHN,9.92,863747000000.00,1.65,14275400820.00,16.98,70.14,881.65
1996,World,WLD,3.61,31736300000000.00,2.32,724515000000.00,23.08,66.56,1633.31
1997,Germany,DEU,1.79,2211990000000.00,1.41,31267710403.00,9.90,77.07,4203.36
1997,France,FRA,2.34,1452880000000.00,2.38,34697904099.00,12.70,78.30,4049.23
1997,Italy,ITA,1.83,1241880000000.00,1.63,20156102258.00,9.40,78.82,2834.40
1997,Japan,JPN,0.98,4492450000000.00,0.92,40634840608.00,9.50,80.42,4041.17
1997,Canada,CAN,,654987000000.00,1.25,7945140183.00,11.70,78.43,8056.24
1997,Russian Federation,RUS,1.40,404929000000.00,4.04,17577353181.00,8.60,66.70,4069.69
1997,United States,USA,4.38,8577550000000.00,3.41,293168000000.00,14.20,76.43,7828.58
1997,United Kingdom,GBR,4.91,1559570000000.00,2.56,39889947449.00,12.50,77.21,3760.71
1997,Brazil,BRA,3.39,883206000000.00,1.58,13934266552.00,21.60,69.06,1066.19
1997,India,IND,4.05,415868000000.00,2.65,11464883390.00,27.79,61.23,397.38
1997,Mexico,MEX,6.85,500413000000.00,0.46,2184061042.00,25.15,73.27,1498.00
1997,South Africa,ZAF,2.60,168977000000.00,1.58,2414137710.00,23.98,59.49,2527.94
1997,China,CHN,9.24,961604000000.00,1.63,15699586769.00,16.57,70.43,871.76
1997,World,WLD,3.87,31619800000000.00,2.32,724579000000.00,22.75,66.84,1626.41
1998,Germany,DEU,2.01,2238990000000.00,1.39,31200768078.00,9.60,77.48,4177.29
1998,France,FRA,3.59,1503110000000.00,2.23,33633561283.00,12.80,78.60,4151.63
1998,Italy,ITA,1.81,1270050000000.00,1.64,20825125352.00,9.40,78.98,2912.95
1998,Japan,JPN,-1.27,4098360000000.00,0.94,37849012643.00,9.60,80.50,3955.63
1998,Canada,CAN,2.80,634000000000.00,1.26,7748607984.00,11.40,78.63,7948.40
1998,Russian Federation,RUS,-5.30,270955000000.00,2.73,7955730401.00,8.80,67.03,3981.50
1998,United States,USA,4.48,9062820000000.00,3.20,290996000000.00,14.30,76.58,7803.70
1998,United Kingdom,GBR,3.15,1653390000000.00,2.50,41222125833.00,12.30,77.19,3787.11
1998,Brazil,BRA,0.34,863711000000.00,1.66,14357357047.00,21.15,69.42,1075.20
1998,India,IND,6.18,421351000000.00,2.73,11920610818.00,27.32,61.67,399.50
1998,Mexico,MEX,5.16,526502000000.00,0.45,2263223453.00,24.70,73.63,1516.61
1998,South Africa,ZAF,0.50,152983000000.00,1.38,1905656009.00,23.50,58.32,2471.48
1998,China,CHN,7.85,1029040000000.00,1.66,17031780200.00,15.64,70.74,869.36
1998,World,WLD,2.79,31539700000000.00,2.27,706829000000.00,22.34,67.09,1611.34
1999,Germany,DEU,1.89,2194950000000.00,1.40,30690158426.00,9.40,77.73,4079.93
1999,France,FRA,3.42,1493150000000.00,2.18,32672714285.00,12.90,78.76,4123.53
1999,Italy,ITA,1.63,1252450000000.00,1.68,21016456910.00,9.40,79.42,2957.31
1999,Japan,JPN,-0.33,4635980000000.00,0.95,43122898505.00,9.30,80.57,4011.22
1999,Canada,CAN,3.97,678412000000.00,1.24,8210778540.00,11.10,78.89,8107.52
1999,Russian Federation,RUS,6.40,195907000000.00,3.07,6469035211.00,8.30,65.98,4136.75
1999,United States,USA,4.75,9630660000000.00,3.09,298095000000.00,14.20,76.58,7923.22
1999,United Kingdom,GBR,2.99,1685760000000.00,2.42,40760400667.00,11.90,77.39,3784.07
1999,Brazil,BRA,0.47,599642000000.00,1.65,9866973919.00,20.65,69.77,1083.40
1999,India,IND,8.85,458820000000.00,2.96,13895562461.00,26.86,62.09,414.96
1999,Mexico,MEX,2.75,600233000000.00,0.46,2652912012.00,24.27,73.99,1537.52
1999,South Africa,ZAF,2.40,151517000000.00,1.27,1738036625.00,23.12,57.14,2464.32
1999,China,CHN,7.66,1094000000000.00,1.87,20473915095.00,14.64,71.06,878.52
1999,World,WLD,3.50,32736600000000.00,2.22,720489000000.00,21.91,67.29,1623.84
2000,Germany,DEU,2.91,1947980000000.00,1.36,26497593164.00,9.30,77.93,4094.06
2000,France,FRA,3.92,1365640000000.00,2.09,28403138949.00,13.30,79.06,4135.48
2000,Italy,ITA,3.79,1146680000000.00,1.74,19878720932.00,9.50,79.78,3012.20
2000,Japan,JPN,2.76,4968360000000.00,0.93,45509673827.00,9.40,81.08,4083.83
2000,Canada,CAN,4.92,744773000000.00,1.12,8299385231.00,10.70,79.14,8265.08
2000,Russian Federation,RUS,10.00,259710000000.00,3.31,9228204144.00,8.70,65.48,4224.28
2000,United States,USA,4.13,10252300000000.00,3.11,320086000000.00,14.40,76.64,8056.86
2000,United Kingdom,GBR,3.67,1662130000000.00,2.37,39343711273.00,11.50,77.74,3785.75
2000,Brazil,BRA,4.39,655448000000.00,1.73,11344032535.00,20.12,70.12,1072.38
2000,India,IND,3.84,468395000000.00,2.95,14287514241.00,26.40,62.51,417.29
2000,Mexico,MEX,4.94,707907000000.00,0.45,3031454509.00,23.85,74.34,1516.64
2000,South Africa,ZAF,4.20,151753000000.00,1.39,1891725013.00,22.85,56.05,2424.88
2000,China,CHN,8.49,1211350000000.00,1.83,22237140151.00,14.03,71.40,898.99
2000,World,WLD,4.50,33831900000000.00,2.21,742433000000.00,21.65,67.55,1637.21
2001,Germany,DEU,1.68,1945790000000.00,1.32,25815401959.00,8.90,78.33,4209.80
2001,France,FRA,1.98,1377660000000.00,2.03,27951566384.00,13.10,79.16,4246.00
2001,Italy,ITA,1.95,1168020000000.00,1.68,19519381482.00,9.40,80.13,3020.62
2001,Japan,JPN,0.39,4374710000000.00,0.95,40757967234.00,9.30,81.42,4008.27
2001,Canada,CAN,1.41,738982000000.00,1.14,8375571425.00,10.80,79.34,8056.35
2001,Russian Federation,RUS,5.10,306602000000.00,3.55,11683151345.00,9.00,65.38,4288.38
2001,United States,USA,1.00,10581800000000.00,3.12,331806000000.00,14.10,76.84,7827.89
2001,United Kingdom,GBR,2.07,1643910000000.00,2.41,39512579944.00,11.30,77.99,3784.93
2001,Brazil,BRA,1.39,559984000000.00,1.95,10930231568.00,19.55,70.46,1076.28
2001,India,IND,4.82,485441000000.00,2.92,14600642346.00,25.94,62.91,416.01
2001,Mexico,MEX,-0.40,756706000000.00,0.44,3229469276.00,23.43,74.66,1548.32
2001,South Africa,ZAF,2.70,135430000000.00,1.48,1802262236.00,22.72,55.09,2461.03
2001,China,CHN,8.34,1339400000000.00,1.98,26561462998.00,13.38,71.73,928.81
2001,World,WLD,2.00,33614900000000.00,2.24,755078000000.00,21.31,67.82,1636.49
2002,Germany,DEU,-0.20,2078480000000.00,1.33,27611355672.00,8.70,78.23,4108.40
2002,France,FRA,1.14,1501410000000.00,2.05,30578398933.00,12.90,79.26,4225.47
2002,Italy,ITA,0.25,1276770000000.00,1.71,21610059762.00,9.40,80.23,3037.27
2002,Japan,JPN,0.04,4182850000000.00,0.96,39333708170.00,9.30,81.56,3991.98
2002,Canada,CAN,3.42,760649000000.00,1.12,8495399281.00,10.50,79.49,7993.88
2002,Russian Federation,RUS,4.70,345470000000.00,3.76,13943825063.00,9.70,65.13,4288.19
2002,United States,USA,1.74,10936400000000.00,3.45,378463000000.00,14.00,76.94,7843.34
2002,United Kingdom,GBR,2.12,1784080000000.00,2.49,44245265998.00,11.30,78.14,3685.87
2002,Brazil,BRA,3.05,509795000000.00,1.90,9664561903.00,18.96,70.81,1090.35
2002,India,IND,3.80,514938000000.00,2.83,14749667252.00,25.49,63.30,421.27
2002,Mexico,MEX,-0.04,772106000000.00,0.42,3172268734.00,23.01,74.92,1534.72
2002,South Africa,ZAF,3.70,129088000000.00,1.53,1766082898.00,22.69,54.31,2384.14
2002,China,CHN,9.13,1470550000000.00,2.05,30284127410.00,12.86,72.06,984.81
2002,World,WLD,2.34,34918200000000.00,2.34,815707000000.00,21.05,68.07,1649.28
2003,Germany,DEU,-0.70,2501640000000.00,1.32,32997363017.00,8.60,78.38,4084.50
2003,France,FRA,0.82,1844540000000.00,2.10,38569115813.00,12.80,79.11,4270.95
2003,Italy,ITA,0.14,1577620000000.00,1.71,26824213292.00,9.50,79.98,3168.53
2003,Japan,JPN,1.54,4519560000000.00,0.96,42486177361.00,9.20,81.76,3953.18
2003,Canada,CAN,3.81,895541000000.00,1.12,9958245602.00,10.60,79.74,8341.34
2003,Russian Federation,RUS,7.30,430348000000.00,3.67,16973739085.00,10.20,65.03,4461.31
2003,United States,USA,2.86,11458200000000.00,3.83,440532000000.00,14.10,77.04,7794.24
2003,United Kingdom,GBR,3.03,2057090000000.00,2.55,52343122277.00,11.70,78.45,3731.61
2003,Brazil,BRA,1.14,558234000000.00,1.50,8392905884.00,18.36,71.17,1094.42
2003,India,IND,7.86,607699000000.00,2.68,16333986643.00,25.03,63.70,424.29
2003,Mexico,MEX,1.45,729336000000.00,0.41,2960496802.00,22.58,75.12,1603.94
2003,South Africa,ZAF,2.95,197020000000.00,1.47,2574176278.00,22.76,53.75,2518.33
2003,China,CHN,10.04,1660290000000.00,1.98,33144000481.00,12.41,72.38,1118.43
2003,World,WLD,3.16,39148000000000.00,2.41,952682000000.00,20.84,68.33,1688.48
2004,Germany,DEU,1.18,2814350000000.00,1.27,35776573894.00,8.60,78.68,4114.39
2004,France,FRA,2.83,2119630000000.00,2.10,44524579613.00,12.80,80.16,4301.74
2004,Italy,ITA,1.42,1806540000000.00,1.68,30261076655.00,9.80,80.78,3169.93
2004,Japan,JPN,2.19,4893120000000.00,0.94,45339809415.00,8.69,82.03,4078.21
2004,Canada,CAN,3.91,1026690000000.00,1.11,11336489831.00,10.60,79.89,8455.55
2004,Russian Federation,RUS,7.20,591017000000.00,3.30,20955413571.00,10.40,65.47,4493.69
2004,United States,USA,3.80,12213700000000.00,4.02,492999000000.00,14.00,77.49,7881.58
2004,United Kingdom,GBR,2.36,2421810000000.00,2.50,60250782545.00,11.90,78.75,3694.48
2004,Brazil,BRA,5.76,669289000000.00,1.46,9780111585.00,17.79,71.53,1141.49
2004,India,IND,7.92,709149000000.00,2.83,20238566527.00,24.57,64.10,439.70
2004,Mexico,MEX,3.92,782241000000.00,0.36,2854385965.00,22.16,75.24,1599.16
2004,South Africa,ZAF,4.55,255807000000.00,1.36,3099065125.00,22.90,53.44,2716.29
2004,China,CHN,10.11,1955350000000.00,1.93,37904571827.00,12.29,72.69,1268.13
2004,World,WLD,4.48,44114300000000.00,2.40,1075920000000.00,20.69,68.65,1739.82
2005,Germany,DEU,0.73,2846860000000.00,1.07,30324965179.00,8.30,78.93,4086.50
2005,France,FRA,1.66,2196950000000.00,2.02,44442050523.00,12.80,80.16,4287.16
2005,Italy,ITA,0.82,1858220000000.00,1.61,29737642392.00,9.60,80.78,3214.67
2005,Japan,JPN,1.80,4831470000000.00,0.93,44300613330.00,8.41,81.93,4062.98
2005,Canada,CAN,5.00,1173110000000.00,1.11,12988132964.00,10.60,80.19,8422.03
2005,Russian Federation,RUS,6.40,764017000000.00,3.33,27336977274.00,10.20,65.53,4540.91
2005,United States,USA,3.51,13036600000000.00,4.09,533203000000.00,14.00,77.49,7846.50
2005,United Kingdom,GBR,2.59,2544830000000.00,2.43,61653635038.00,12.00,79.05,3686.36
2005,Brazil,BRA,3.20,891634000000.00,1.52,13588619736.00,17.24,71.90,1156.91
2005,India,IND,7.92,820382000000.00,2.75,23072312925.00,24.09,64.50,449.77
2005,Mexico,MEX,2.31,877476000000.00,0.36,3123454978.00,21.74,75.30,1685.10
2005,South Africa,ZAF,5.28,288868000000.00,1.38,3566963815.00,23.07,53.45,2678.55
2005,China,CHN,11.39,2285970000000.00,1.85,42789953651.00,12.40,72.99,1393.69
2005,World,WLD,4.05,47777900000000.00,2.39,1159550000000.00,20.55,68.92,1767.06
2006,Germany,DEU,3.82,2994700000000.00,1.20,35883657973.00,8.20,79.13,4204.65
2006,France,FRA,2.45,2320540000000.00,1.98,45792148416.00,13.10,80.81,4188.84
2006,Italy,ITA,1.79,1949550000000.00,1.53,29633022263.00,9.60,81.28,3175.80
2006,Japan,JPN,1.37,4601660000000.00,0.92,41552592886.00,8.65,82.32,4053.88
2006,Canada,CAN,4.17,1319260000000.00,1.13,14809892803.00,10.90,80.34,8239.95
2006,Russian Federation,RUS,8.20,989931000000.00,3.25,34517781619.00,10.30,66.73,4688.39
2006,United States,USA,2.85,13814600000000.00,4.04,558335000000.00,14.30,77.69,7697.65
2006,United Kingdom,GBR,2.58,2717060000000.00,2.37,64217619528.00,12.30,79.25,3598.81
2006,Brazil,BRA,3.96,1107630000000.00,1.48,16404867307.00,16.75,72.26,1184.15
2006,India,IND,8.06,940260000000.00,2.53,23951927958.00,23.56,64.92,466.14
2006,Mexico,MEX,4.50,975387000000.00,0.31,3035131019.00,21.34,75.30,1698.59
2006,South Africa,ZAF,5.60,303861000000.00,1.29,3506139658.00,23.24,53.80,2625.79
2006,China,CHN,12.72,2752130000000.00,1.85,51453373234.00,12.09,73.27,1515.17
2006,World,WLD,4.50,51778700000000.00,2.36,1206040000000.00,20.40,69.26,1796.64
2007,Germany,DEU,2.98,3425580000000.00,1.17,40110859276.00,8.30,79.53,3985.81
2007,France,FRA,2.42,2660590000000.00,1.91,50684467384.00,12.80,81.11,4115.53
2007,Italy,ITA,1.49,2213100000000.00,1.45,31982431792.00,9.70,81.43,3149.58
2007,Japan,JPN,1.48,4579750000000.00,0.90,40530045688.00,8.63,82.51,4012.65
2007,Canada,CAN,6.87,1468820000000.00,1.19,17417139931.00,11.20,80.54,8213.39
2007,Russian Federation,RUS,8.50,1299710000000.00,3.12,43534994996.00,11.30,67.59,4709.84
2007,United States,USA,1.88,14451900000000.00,4.08,589586000000.00,14.30,77.99,7758.17
2007,United Kingdom,GBR,2.27,3106180000000.00,2.37,73448032014.00,12.60,79.45,3441.64
2007,Brazil,BRA,6.07,1397110000000.00,1.47,20485758015.00,16.31,72.62,1238.41
2007,India,IND,7.66,1216740000000.00,2.48,28254773450.00,23.00,65.35,485.10
2007,Mexico,MEX,2.29,1052700000000.00,0.40,4223037646.00,20.97,75.26,1662.60
2007,South Africa,ZAF,5.36,333075000000.00,1.18,3525684244.00,23.37,54.45,2775.62
2007,China,CHN,14.23,3550340000000.00,1.74,62136590755.00,12.10,73.55,1630.17
2007,World,WLD,4.44,58337500000000.00,2.33,1337680000000.00,20.31,69.59,1824.04
2008,Germany,DEU,0.96,3745260000000.00,1.21,45098956312.00,8.30,79.74,4036.83
2008,France,FRA,0.25,2930300000000.00,1.90,55365965845.00,12.90,81.21,4110.59
2008,Italy,ITA,-0.96,2408660000000.00,1.54,36839989746.00,9.80,81.49,3087.57
2008,Japan,JPN,-1.22,5106680000000.00,0.92,46361468280.00,8.70,82.59,3858.43
2008,Canada,CAN,1.01,1552990000000.00,1.25,19342058405.00,11.40,80.70,8194.88
2008,Russian Federation,RUS,5.20,1660850000000.00,3.15,56183785393.00,12.00,67.95,4823.13
2008,United States,USA,-0.14,14712800000000.00,4.46,656756000000.00,14.00,78.04,7488.08
2008,United Kingdom,GBR,-0.24,2938880000000.00,2.50,72915407670.00,12.90,79.60,3361.98
2008,Brazil,BRA,5.09,1695860000000.00,1.44,24452903036.00,15.92,72.97,1294.48
2008,India,IND,3.09,1198900000000.00,2.63,33002376727.00,22.39,65.79,501.56
2008,Mexico,MEX,1.14,1109990000000.00,0.39,4334654124.00,20.64,75.19,1621.26
2008,South Africa,ZAF,3.19,316132000000.00,1.15,3285925081.00,23.43,55.36,2950.15
2008,China,CHN,9.65,4594310000000.00,1.71,78840802820.00,12.14,73.84,1672.90
2008,World,WLD,2.00,64071500000000.00,2.39,1509720000000.00,20.20,69.90,1829.63
2009,Germany,DEU,-5.69,3411260000000.00,1.31,44528927836.00,8.10,79.84,3790.50
2009,France,FRA,-2.87,2700890000000.00,2.10,56441455398.00,12.80,81.41,3913.46
2009,Italy,ITA,-5.28,2199930000000.00,1.55,34054481324.00,9.60,81.64,2869.92
2009,Japan,JPN,-5.69,5289490000000.00,0.98,51465158208.00,8.50,82.93,3678.51
2009,Canada,CAN,-2.93,1374630000000.00,1.38,18936226052.00,11.30,81.00,7797.12
2009,Russian Federation,RUS,-7.80,1222640000000.00,3.92,51532116798.00,12.30,68.68,4531.29
2009,United States,USA,-2.54,14448900000000.00,4.89,705917000000.00,13.50,78.39,7056.78
2009,United Kingdom,GBR,-4.25,2425800000000.00,2.65,64010506670.00,12.70,80.05,3145.59
2009,Brazil,BRA,-0.13,1667000000000.00,1.54,25648809911.00,15.60,73.30,1240.18
2009,India,IND,7.86,1341890000000.00,3.13,38722154392.00,21.76,66.24,544.63
2009,Mexico,MEX,-5.29,900045000000.00,0.50,4514233914.00,20.33,75.13,1599.52
2009,South Africa,ZAF,-1.54,329753000000.00,1.21,3592687702.00,23.42,56.46,2852.10
2009,China,CHN,9.40,5101700000000.00,1.89,96601666753.00,11.95,74.12,1778.43
2009,World,WLD,-1.31,60781000000000.00,2.62,1564270000000.00,19.97,70.25,1796.22
2010,Germany,DEU,4.18,3399670000000.00,1.27,43025915012.00,8.30,79.99,3997.08
2010,France,FRA,1.95,2645190000000.00,1.97,52044060565.00,12.90,81.66,4016.85
2010,Italy,ITA,1.71,2136100000000.00,1.50,32020819951.00,9.50,82.04,2930.59
2010,Japan,JPN,4.10,5759070000000.00,0.96,54655450735.00,8.50,82.84,3893.27
2010,Canada,CAN,3.09,1617340000000.00,1.19,19315688825.00,11.10,81.25,7788.56
2010,Russian Federation,RUS,4.50,1524920000000.00,3.59,58720227609.00,12.50,68.84,4819.04
2010,United States,USA,2.56,14992100000000.00,4.92,738005000000.00,13.00,78.54,7161.43
2010,United Kingdom,GBR,2.13,2491110000000.00,2.58,63979111970.00,12.90,80.40,3230.62
2010,Brazil,BRA,7.53,2208840000000.00,1.54,34002944470.00,15.33,73.62,1358.50
2010,India,IND,8.50,1675620000000.00,2.89,46090445657.00,21.11,66.69,561.65
2010,Mexico,MEX,5.12,1057800000000.00,0.45,4789031339.00,20.04,75.07,1531.76
2010,South Africa,ZAF,3.04,417365000000.00,1.12,4188168092.00,23.31,57.67,2768.09
2010,China,CHN,10.64,6087160000000.00,1.74,105523000000.00,11.90,74.41,1954.72
2010,World,WLD,4.49,66500500000000.00,2.52,1648400000000.00,19.78,70.56,1874.66
2011,Germany,DEU,3.93,3749310000000.00,1.21,45163212878.00,8.30,80.44,3869.82
2011,France,FRA,2.19,2865160000000.00,1.89,54120871010.00,12.70,82.11,3847.07
2011,Italy,ITA,0.71,2294990000000.00,1.48,33828804971.00,9.20,82.19,2828.40
2011,Japan,JPN,0.02,6233150000000.00,0.99,60762213841.00,8.30,82.59,3610.81
2011,Canada,CAN,3.15,1793330000000.00,1.19,21393720864.00,11.00,81.45,7911.55
2011,Russian Federation,RUS,4.30,2045930000000.00,3.43,70237523951.00,12.60,69.68,5049.43
2011,United States,USA,1.55,15542600000000.00,4.84,752288000000.00,12.70,78.64,7029.95
2011,United Kingdom,GBR,1.46,2674890000000.00,2.50,66569552573.00,12.80,80.95,2972.15
2011,Brazil,BRA,3.97,2616160000000.00,1.41,36936209896.00,15.11,73.92,1367.19
2011,India,IND,5.24,1823050000000.00,2.70,49633815794.00,20.50,67.13,577.99
2011,Mexico,MEX,3.66,1180490000000.00,0.47,5498458542.00,19.77,75.01,1587.07
2011,South Africa,ZAF,3.17,458202000000.00,1.10,4594154078.00,23.10,58.90,2716.68
2011,China,CHN,9.55,7551500000000.00,1.67,125286000000.00,13.27,74.71,2085.08
2011,World,WLD,3.34,73671500000000.00,2.41,1750480000000.00,19.85,70.88,1881.48
2012,Germany,DEU,0.42,3527140000000.00,1.24,43798225349.00,8.40,80.54,3876.95
2012,France,FRA,0.31,2683670000000.00,1.87,50216507403.00,12.60,81.97,3836.66
2012,Italy,ITA,-2.98,2086960000000.00,1.43,29781008205.00,9.00,82.24,2709.30
2012,Japan,JPN,1.37,6272360000000.00,0.97,60011530195.00,8.20,83.10,3537.36
2012,Canada,CAN,1.76,1828370000000.00,1.12,20452107111.00,11.00,81.65,7733.41
2012,Russian Federation,RUS,4.02,2208300000000.00,3.69,81469399931.00,13.30,70.07,5167.01
2012,United States,USA,2.25,16197000000000.00,4.48,725205000000.00,12.60,78.74,6872.03
2012,United Kingdom,GBR,1.47,2719160000000.00,2.42,65452487554.00,12.80,80.90,3042.86
2012,Brazil,BRA,1.92,2465230000000.00,1.38,33987005074.00,14.93,74.21,1413.73
2012,India,IND,5.46,1827640000000.00,2.62,47216920048.00,19.92,67.55,599.16
2012,Mexico,MEX,3.64,1201090000000.00,0.48,5717035575.00,19.49,74.97,1634.70
2012,South Africa,ZAF,2.40,434401000000.00,1.13,4489590096.00,22.82,60.06,2636.68
2012,China,CHN,7.86,8532230000000.00,1.69,145128000000.00,14.57,75.01,2149.60
2012,World,WLD,2.67,75311600000000.00,2.37,1757750000000.00,19.95,71.17,1891.70
2013,Germany,DEU,0.44,3733800000000.00,1.19,44242647303.00,8.50,80.49,3939.53
2013,France,FRA,0.58,2811880000000.00,1.85,52001462448.00,12.40,82.22,3833.53
2013,Italy,ITA,-1.84,2141920000000.00,1.40,29957445905.00,8.50,82.69,2579.47
2013,Japan,JPN,2.01,5212330000000.00,0.95,49023932407.00,8.20,83.33,3567.63
2013,Canada,CAN,2.33,1846600000000.00,1.00,18515731210.00,10.80,81.75,7743.73
2013,Russian Federation,RUS,1.76,2292470000000.00,3.85,88352896464.00,13.20,70.58,5078.63
2013,United States,USA,1.84,16784800000000.00,4.05,679229000000.00,12.40,78.74,6905.60
2013,United Kingdom,GBR,1.89,2803290000000.00,2.29,63837724855.00,12.10,81.00,2987.70
2013,Brazil,BRA,3.00,2472820000000.00,1.33,32874787231.00,14.77,74.48,1461.08
2013,India,IND,6.39,1856720000000.00,2.55,47403528801.00,19.42,67.93,605.79
2013,Mexico,MEX,1.35,1274440000000.00,0.51,6473144378.00,19.20,74.93,1616.61
2013,South Africa,ZAF,2.49,400886000000.00,1.12,4118208483.00,22.48,61.10,2602.85
2013,China,CHN,7.77,9570410000000.00,1.70,164070000000.00,13.03,75.32,2204.24
2013,World,WLD,2.84,77443200000000.00,2.30,1755590000000.00,19.45,71.47,1894.11
2014,Germany,DEU,2.21,3889090000000.00,1.15,44662831168.00,8.80,81.09,3779.46
2014,France,FRA,0.96,2855960000000.00,1.86,53134750899.00,12.40,82.72,3659.09
2014,Italy,ITA,0.00,2162010000000.00,1.28,27701034335.00,8.30,83.09,2414.48
2014,Japan,JPN,0.30,4896990000000.00,0.97,46903466613.00,8.00,83.59,3470.76
2014,Canada,CAN,2.87,1805750000000.00,0.99,17853640478.00,10.80,81.80,7897.86
2014,Russian Federation,RUS,0.74,2059240000000.00,4.11,84696504653.00,13.30,70.74,4942.88
2014,United States,USA,2.53,17527200000000.00,3.70,647789000000.00,12.50,78.84,6960.68
2014,United Kingdom,GBR,2.99,3087170000000.00,2.18,66995468654.00,12.00,81.30,2777.31
2014,Brazil,BRA,0.50,2456040000000.00,1.33,32660239369.00,14.62,74.75,1495.54
2014,India,IND,7.41,2039130000000.00,2.54,50914096277.00,18.98,68.29,636.57
2014,Mexico,MEX,2.85,1315350000000.00,0.51,6758693845.00,18.89,74.91,1561.87
2014,South Africa,ZAF,1.41,381199000000.00,1.11,3892485091.00,22.11,61.97,2695.51
2014,China,CHN,7.43,10475700000000.00,1.73,182109000000.00,13.83,75.63,2224.35
2014,World,WLD,3.12,79575500000000.00,2.25,1754190000000.00,19.46,71.75,1919.99
2015,Germany,DEU,1.49,3357590000000.00,1.14,38170021071.00,9.00,80.64,3817.55
2015,France,FRA,1.11,2439190000000.00,1.87,45647471641.00,12.00,82.32,3692.02
2015,Italy,ITA,0.78,1836640000000.00,1.21,22180845070.00,8.00,82.54,2481.75
2015,Japan,JPN,1.56,4444930000000.00,0.96,42106103306.00,8.00,83.79,3428.56
2015,Canada,CAN,0.66,1556510000000.00,1.15,17937641895.00,10.70,81.90,7631.34
2015,Russian Federation,RUS,-1.97,1363480000000.00,4.87,66421822180.00,13.30,71.18,
2015,United States,USA,3.08,18238300000000.00,3.48,633830000000.00,12.40,78.69,6804.00
2015,United Kingdom,GBR,2.62,2956570000000.00,2.05,59990205719.00,11.90,80.96,2764.52
2015,Brazil,BRA,-3.55,1802210000000.00,1.37,24617701683.00,14.47,74.99,
2015,India,IND,8.00,2103590000000.00,2.46,51295483754.00,18.63,68.61,
2015,Mexico,MEX,3.29,1171870000000.00,0.47,5468837812.00,18.57,74.90,1537.26
2015,South Africa,ZAF,1.32,346710000000.00,1.10,3488867948.00,21.72,62.65,
2015,China,CHN,7.04,11061600000000.00,1.75,196539000000.00,11.99,75.93,
2015,World,WLD,3.17,75117100000000.00,2.26,1652930000000.00,18.95,71.95,
2016,Germany,DEU,2.23,3469850000000.00,1.15,39855047309.00,9.60,80.99,
2016,France,FRA,1.10,2472960000000.00,1.92,47370589553.00,11.80,82.57,
2016,Italy,ITA,1.29,1877070000000.00,1.33,25033027895.00,7.80,83.24,
2016,Japan,JPN,0.75,5003680000000.00,0.94,46471287714.00,7.80,83.98,
2016,Canada,CAN,1.00,1527990000000.00,1.16,17782775543.00,10.60,81.90,
2016,Russian Federation,RUS,0.19,1276790000000.00,5.43,69245294553.00,12.90,71.65,
2016,United States,USA,1.71,18745100000000.00,3.42,639856000000.00,12.20,78.54,
2016,United Kingdom,GBR,2.26,2722850000000.00,1.98,53327327634.00,11.80,81.16,
2016,Brazil,BRA,-3.28,1795690000000.00,1.35,24224746901.00,14.31,75.23,
2016,India,IND,8.26,2294800000000.00,2.54,56637622641.00,18.33,68.90,
2016,Mexico,MEX,2.63,1078490000000.00,0.50,5336875740.00,18.25,74.92,
2016,South Africa,ZAF,0.66,323586000000.00,1.07,3139312128.00,21.31,63.15,
2016,China,CHN,6.85,11233300000000.00,1.77,198538000000.00,13.57,76.21,
2016,World,WLD,2.83,76313200000000.00,2.22,1649140000000.00,19.07,72.19,
2017,Germany,DEU,2.68,3690850000000.00,1.15,42210258091.00,9.50,80.99,
2017,France,FRA,2.29,2595150000000.00,1.91,49195662250.00,11.50,82.58,
2017,Italy,ITA,1.67,1961800000000.00,1.36,26447892915.00,7.60,82.95,
2017,Japan,JPN,1.68,4930840000000.00,0.93,45387031802.00,7.60,84.10,
2017,Canada,CAN,3.04,1649270000000.00,1.35,22269696323.00,10.30,81.90,
2017,Russian Federation,RUS,1.83,1574200000000.00,4.25,66913033537.00,11.50,72.45,
2017,United States,USA,2.33,19543000000000.00,3.31,646753000000.00,11.80,78.54,
2017,United Kingdom,GBR,2.13,2699020000000.00,1.95,51633539217.00,11.40,81.26,
2017,Brazil,BRA,1.32,2063510000000.00,1.41,29261833097.00,14.13,75.46,
2017,India,IND,6.80,2651470000000.00,2.53,64559435281.00,18.08,69.17,
2017,Mexico,MEX,2.11,1158910000000.00,0.44,5062076646.00,17.92,74.95,
2017,South Africa,ZAF,1.16,381449000000.00,1.03,3591507613.00,20.91,63.54,
2017,China,CHN,6.95,12310400000000.00,1.75,210443000000.00,12.64,76.47,
2017,World,WLD,3.39,81224600000000.00,2.17,1717980000000.00,18.67,72.39,
2018,Germany,DEU,1.09,3977290000000.00,1.17,46423020903.00,9.50,80.89,
2018,France,FRA,1.87,2790960000000.00,1.85,51409812839.00,11.30,82.68,
2018,Italy,ITA,0.93,2091930000000.00,1.36,28420098438.00,7.30,83.35,
2018,Japan,JPN,0.56,5036890000000.00,0.94,46617954864.00,7.40,84.21,
2018,Canada,CAN,2.78,1725330000000.00,1.32,22729327580.00,10.10,82.05,
2018,Russian Federation,RUS,2.81,1657330000000.00,3.69,61609204756.00,10.90,72.66,
2018,United States,USA,3.00,20611900000000.00,3.32,682491000000.00,11.60,78.64,
2018,United Kingdom,GBR,1.65,2900790000000.00,1.95,55680228215.00,11.00,81.26,
2018,Brazil,BRA,1.78,1916930000000.00,1.49,28177406872.00,13.92,75.67,
2018,India,IND,6.53,2701110000000.00,2.43,66257801718.00,17.86,69.42,
2018,Mexico,MEX,2.19,1222410000000.00,0.48,5839521271.00,17.60,74.99,
2018,South Africa,ZAF,1.49,404842000000.00,0.98,3622918743.00,20.51,63.86,
2018,China,CHN,6.75,13894800000000.00,1.74,232531000000.00,10.86,76.70,
2018,World,WLD,3.27,86274300000000.00,2.15,1801950000000.00,18.15,72.57,
2019,Germany,DEU,1.06,3888330000000.00,1.27,49007512315.00,9.40,81.29,
2019,France,FRA,1.84,2728870000000.00,1.85,50118929212.00,11.20,82.83,
2019,Italy,ITA,0.41,2009380000000.00,1.32,26380673981.00,7.00,83.50,
2019,Japan,JPN,0.27,5148780000000.00,0.94,47609019987.00,7.00,84.36,
2019,Canada,CAN,1.88,1742020000000.00,1.28,22204408440.00,9.90,82.05,
2019,Russian Federation,RUS,2.03,1687450000000.00,3.83,65201335848.00,10.10,73.08,
2019,United States,USA,2.16,21433200000000.00,3.43,734344000000.00,11.40,78.79,
2019,United Kingdom,GBR,1.67,2878670000000.00,2.01,56856133066.00,10.70,81.20,
2019,Brazil,BRA,1.41,1877820000000.00,1.41,25906871197.00,13.70,75.88,
2019,India,IND,4.04,2870500000000.00,2.52,71468900524.00,17.64,69.66,
2019,Mexico,MEX,-0.18,1269430000000.00,0.52,6650808254.00,17.30,75.05,
2019,South Africa,ZAF,0.11,387935000000.00,0.98,3435736037.00,20.13,64.13,
2019,China,CHN,5.95,14279900000000.00,1.73,240333000000.00,10.41,76.91,
2019,World,WLD,2.60,87568100000000.00,2.19,1859930000000.00,17.88,72.76,
2020,Germany,DEU,-4.57,3846410000000.00,1.40,52764761199.00,9.30,80.94,
2020,France,FRA,-7.86,2630320000000.00,2.07,52747064858.00,10.90,82.18,
2020,Italy,ITA,-8.94,1888710000000.00,1.57,28921342756.00,6.80,82.34,
2020,Japan,JPN,-4.59,5057760000000.00,1.00,49148557003.00,6.80,84.62,
2020,Canada,CAN,-5.23,1645420000000.00,1.42,22754847129.00,9.40,81.75,
2020,Russian Federation,RUS,-2.95,1483500000000.00,4.26,61712537169.00,9.80,71.34,
2020,United States,USA,-3.40,20953000000000.00,3.74,778232000000.00,10.90,77.28,
2020,United Kingdom,GBR,-9.40,2759800000000.00,2.25,59238462250.00,10.20,80.90,
2020,Brazil,BRA,-4.06,1444730000000.00,1.44,19736347759.00,13.46,76.08,
2020,India,IND,-7.25,2660250000000.00,2.88,72887446604.00,17.44,69.89,
2020,Mexico,MEX,-8.31,1073920000000.00,0.57,6116376582.00,17.01,75.13,
2020,South Africa,ZAF,-6.43,335442000000.00,1.07,3150828880.00,19.77,64.38,
2020,China,CHN,2.35,14722700000000.00,1.75,252304000000.00,8.52,77.10,
2020,World,WLD,-3.29,84747000000000.00,2.36,1928850000000.00,17.33,72.75,
2021,Germany,DEU,,,,,,,
2021,France,FRA,,,,,,,
2021,Italy,ITA,,,,,,,
2021,Japan,JPN,,,,,,,
2021,Canada,CAN,,,,,,,
2021,Russian Federation,RUS,,,,,,,
2021,United States,USA,,,,,,,
2021,United Kingdom,GBR,,,,,,,
2021,Brazil,BRA,,,,,,,
2021,India,IND,,,,,,,
2021,Mexico,MEX,,,,,,,
2021,South Africa,ZAF,,,,,,,
2021,China,CHN,,,,,,,
2021,World,WLD,,,,,,,