year,country_name,gdp_growth,gdp_usd,military_spendings_growth,military_spendings_usd,energy_use,gni_usd,gni_growth
1960,Germany,,,3.77,2715197280.00,1952.59,,
1960,France,,62225478001,5.43,3260127992.00,1699.25,62588196442,
1960,Italy,,40385288344,2.71,1009308856.00,794.82,40495892097,
1960,Japan,,44307342950,1.08,480555555.60,867.20,44096113141,
1960,Canada,,40461721693,4.19,1702442711.00,4251.44,,
1960,Russian Federation,,,,,,,
1960,United States,,543300000000,8.99,47346552670.00,5641.74,546400000000,
1960,United Kingdom,,73233967692,7.09,5129857090.00,3033.05,,
1960,Brazil,,17030465539,2.68,382729752.10,,,
1960,India,,37029883875,2.00,681765681.80,,36878683724,
1960,Mexico,,13040000000,0.67,84000000.00,,12666168000,
1960,South Africa,,7575396973,0.95,69999972.00,,7244997105,
1960,China,,59716467625,,,,59716467625,
1960,World,,1390300000000,6.34,,,1371150000000,
1961,Germany,,,3.74,3074753151.00,1994.32,,
1961,France,4.98,67461644222,5.30,3469940419.00,1745.20,67823034025,
1961,Italy,8.21,44842760293,2.57,1062907313.00,890.69,44941821182,
1961,Japan,12.04,53508617739,0.92,492361111.10,972.00,53216886420,
1961,Canada,3.16,40934952064,4.13,1677820881.00,4307.82,,
1961,Russian Federation,,,,,,,
1961,United States,2.30,563300000000,9.16,49879770605.00,5612.08,566800000000,
1961,United Kingdom,2.68,77741965703,6.92,5308314126.00,3006.75,,
1961,Brazil,8.60,17275940449,2.36,342339720.80,,,
1961,India,3.72,39232435784,2.07,748388248.40,,39026635578,3.61
1961,Mexico,5.00,14160000000,0.65,86400000.00,,13775344000,5.13
1961,South Africa,3.84,7972996814,1.47,113749954.50,,7600596963,3.56
1961,China,-27.27,50056868958,,,,50056868958,
1961,World,3.80,1446420000000,6.31,,,1435670000000,
1962,Germany,,,4.50,4055355090.00,2124.85,,
1962,France,6.84,75607529810,5.16,3774280041.00,1861.04,76152271792,
1962,Italy,6.20,50383891899,2.63,1222013656.00,1007.05,50471132482,
1962,Japan,8.91,60723018684,0.88,538194444.40,1013.26,60366887322,
1962,Canada,7.43,42227447632,4.00,1671313753.00,4451.56,,
1962,Russian Federation,,,,,,,
1962,United States,6.10,605100000000,9.33,54650942605.00,5774.59,609200000000,
1962,United Kingdom,1.10,81247564157,6.94,5597132751.00,3087.34,,
1962,Brazil,6.60,19231747852,2.40,387449035.50,,,
1962,India,2.93,42161481859,2.75,1065436065.00,,41934681632,2.92
1962,Mexico,4.66,15200000000,0.69,99200000.00,,14814304000,4.83
1962,South Africa,6.18,8497996604,2.25,186199925.50,,8174596734,6.96
1962,China,-5.58,47209359006,,,,47209359006,
1962,World,5.32,1548220000000,6.35,,,1539930000000,
1963,Germany,,,4.90,4688620298.00,2281.29,,
1963,France,6.23,84759195106,4.74,3887455990.00,1983.47,85419528679,
1963,Italy,5.61,57710743060,2.75,1463283724.00,1119.72,57801822228,
1963,Japan,8.47,69498131797,0.90,629861111.10,1147.29,69060415397,
1963,Canada,5.35,45029988561,3.62,1610091701.00,4694.12,,
1963,Russian Federation,,,,,,,
1963,United States,4.40,638600000000,8.83,54561215775.00,5986.78,643100000000,
1963,United Kingdom,4.87,86561961812,6.80,5810811571.00,3196.83,,
1963,Brazil,0.60,23287712878,2.26,441999606.20,,,
1963,India,5.99,48421923459,4.03,1795449295.00,,48186723224,6.04
1963,Mexico,8.11,16960000000,0.72,112000000.00,,16530280000,8.07
1963,South Africa,7.37,9423396235,2.06,188999924.40,,9099996364,7.71
1963,China,10.30,50706799903,,,,50706799903,
1963,World,5.19,1669090000000,6.01,,,1654580000000,
1964,Germany,,,4.38,4601309875.00,2341.15,,
1964,France,6.65,94007851047,4.54,4130961168.00,2085.16,94702729234,
1964,Italy,2.80,63175417019,2.73,1586666708.00,1221.73,63310021307,
1964,Japan,11.68,81749006382,0.88,718055555.60,1272.48,81163510670,
1964,Canada,6.64,49377522897,3.40,1657457283.00,4903.61,,
1964,Russian Federation,,,,,,,
1964,United States,5.80,685800000000,8.05,53432327058.00,6136.94,690700000000,
1964,United Kingdom,5.53,94407558351,6.60,6159898581.00,3212.53,,
1964,Brazil,3.40,20963733695,2.01,354227857.10,,,
1964,India,7.45,56480289941,3.82,1986654487.00,,56175789636,7.40
1964,Mexico,11.91,20080000000,0.68,120000000.00,,19477944000,11.45
1964,South Africa,7.94,10373995855,2.70,271599891.40,,9998796005,7.81
1964,China,18.18,59708343489,,,,59708343489,
1964,World,6.57,1827510000000,5.52,,,1823670000000,
1965,Germany,,,4.09,4686319021.00,2378.34,,
1965,France,4.86,101537000000,4.40,4304458189.00,2109.85,102253000000,
1965,Italy,3.27,67978153851,2.75,1719942315.00,1316.46,68239418775,
1965,Japan,5.82,90950278258,0.90,821388888.90,1374.53,90333954412,
1965,Canada,6.32,54515179581,2.93,1574704540.00,5153.93,,
1965,Russian Federation,,,,,,,
1965,United States,6.40,743700000000,7.59,54561791263.00,6307.89,749000000000,
1965,United Kingdom,2.14,101825000000,6.44,6475329220.00,3329.41,,
1965,Brazil,2.40,22465522884,3.35,632869026.50,,,
1965,India,-2.64,59554854575,3.87,2125989626.00,,59210461463,-2.69
1965,Mexico,7.10,21840000000,0.59,119200000.00,,21234640000,6.53
1965,South Africa,6.12,11334395471,2.63,289449884.20,,10918595637,6.11
1965,China,16.95,70436266147,,,,70436266147,
1965,World,5.56,1990870000000,5.31,,,1990170000000,
1966,Germany,,,3.91,4766403436.00,2387.68,,
1966,France,5.25,110046000000,4.29,4548130770.00,2122.92,110738000000,
1966,Italy,5.98,73654870011,2.99,1904604599.00,1431.07,74005443913,
1966,Japan,10.64,105628000000,0.88,932430555.60,1491.03,104943000000,
1966,Canada,6.70,61088384037,2.68,1614422827.00,5272.66,,
1966,Russian Federation,,,,,,,
1966,United States,6.50,815000000000,8.44,66442751527.00,6591.34,820100000000,
1966,United Kingdom,1.57,108573000000,6.25,6692138865.00,3306.78,,
1966,Brazil,6.70,28283323733,3.02,718216574.60,,25823978010,
1966,India,-0.06,45865462034,3.57,1661154906.00,,45536890605,-0.19
1966,Mexico,6.10,24320000000,0.58,130400000.00,,23566704000,5.69
1966,South Africa,4.44,12354995063,2.70,324449870.20,,11920995237,4.55
1966,China,10.65,76720285970,,,,76720285970,
1966,World,5.72,2160630000000,5.66,,,2152900000000,
1967,Germany,,,4.08,5037954037.00,2388.41,,
1967,France,4.92,118973000000,4.30,4918985396.00,2248.08,119729000000,
1967,Italy,7.18,81133120065,2.77,1928786564.00,1551.52,81443074752,
1967,Japan,11.08,123782000000,0.84,1039027778.00,1735.12,123005000000,
1967,Canada,3.09,65668655501,2.75,1775500366.00,5557.29,,
1967,Russian Federation,,,,,,,
1967,United States,2.50,861700000000,9.42,78398442241.00,6809.82,867100000000,
1967,United Kingdom,2.79,113117000000,6.24,6933197077.00,3345.55,,
1967,Brazil,4.20,31086389195,2.86,746139163.60,,29559163248,
1967,India,7.83,50134942203,3.22,1487733333.00,,49790942203,7.88
1967,Mexico,5.85,26560000000,0.55,133600000.00,,26201208000,7.96
1967,South Africa,7.20,13777394495,2.79,373099850.80,,13327994674,7.43
1967,China,-5.77,72881631327,,,,72881631327,
1967,World,4.16,2298980000000,6.11,,,2294160000000,
1968,Germany,,,3.41,4544109352.00,2561.52,,
1968,France,4.49,129785000000,4.14,5148997849.00,2359.88,130425000000,
1968,Italy,6.54,87942231678,2.65,1991165044.00,1698.43,88326648582,
1968,Japan,12.88,146601000000,0.79,1168194444.00,1939.42,145604000000,
1968,Canada,5.00,71829810520,2.54,1797265817.00,5871.52,,
1968,Russian Federation,,,,,,,
1968,United States,4.80,942500000000,9.27,84329031218.00,7073.48,948600000000,
1968,United Kingdom,5.44,107760000000,5.94,6220499923.00,3406.14,,
1968,Brazil,9.80,33930457425,2.65,755307566.70,,33065704448,
1968,India,3.39,53085455871,3.25,1586866667.00,,52745455871,3.41
1968,Mexico,9.42,29360000000,0.55,148800000.00,,28939512000,9.33
1968,South Africa,4.15,14894594048,2.76,399699840.10,,14377994255,3.95
1968,China,-4.10,70846535056,,,,70846535056,
1968,World,5.95,2481350000000,6.00,,,2496040000000,
1969,Germany,,,3.40,5150518691.00,2772.01,,
1969,France,7.11,141903000000,3.68,4964005294.00,2536.67,142382000000,
1969,Italy,6.10,97085082807,2.42,2003805617.00,1832.50,97575749223,
1969,Japan,12.48,172204000000,0.77,1335416667.00,2214.06,171076000000,
1969,Canada,5.05,79148411662,2.27,1770108751.00,6091.10,,
1969,Russian Federation,,,,,,,
1969,United States,3.10,1019900000000,8.63,84990165431.00,7332.37,1026000000000,
1969,United Kingdom,1.92,116465000000,5.50,6199702307.00,3557.13,,
1969,Brazil,9.50,37171640819,2.62,816622811.00,,36783720976,
1969,India,6.54,58447995017,3.14,1691433333.00,,58086661684,6.57
1969,Mexico,3.42,32480000000,0.60,180000000.00,,31985424000,3.32
1969,South Africa,4.72,16780393295,2.61,425599829.80,,16181193534,4.57
1969,China,16.94,79705906247,,,,79705906247,
1969,World,5.83,2736900000000,5.58,,,2755430000000,
1970,Germany,,215838000000,3.01,5805254072.00,3860.86,216937000000,
1970,France,6.11,148456000000,3.46,4941059320.00,2951.48,149053000000,
1970,Italy,5.27,113395000000,2.06,2216771793.00,2026.22,114365000000,
1970,Japan,2.51,212609000000,0.77,1575347222.00,2480.75,212376000000,
1970,Canada,,87896095320,2.19,1889157918.00,6476.39,86905583309,
1970,Russian Federation,,,,,,,
1970,United States,-0.35,1073300000000,8.03,83407993005.00,7569.08,1074360000000,
1970,United Kingdom,6.32,130672000000,5.20,6792098924.00,3684.95,141663000000,
1970,Brazil,10.40,42327664794,2.89,1026234374.00,,41728566936,
1970,India,5.16,62422483055,3.19,1832966667.00,,62043816388,5.18
1970,Mexico,6.50,35520000000,0.50,176800000.00,,34897440000,6.28
1970,South Africa,5.25,18418392640,2.33,417899832.80,,17754792906,5.25
1970,China,19.30,92602973434,,,,92602973434,
1970,World,3.92,2992440000000,4.97,,,3004230000000,
1971,Germany,3.13,249985000000,3.06,6829977561.00,3895.26,250911000000,3.06
1971,France,5.32,165967000000,3.32,5291990761.00,3027.82,166781000000,
1971,Italy,1.82,124672000000,2.24,2648079366.00,1949.15,125758000000,1.85
1971,Japan,4.70,240152000000,0.82,1896540416.00,2531.09,240076000000,4.77
1971,Canada,,99271961775,2.13,2077659711.00,6436.23,98159003763,
1971,Russian Federation,,,,,,,
1971,United States,3.29,1164850000000,6.94,78237979893.00,7644.52,1162930000000,3.35
1971,United Kingdom,3.50,148114000000,5.08,7518385128.00,3733.28,159914000000,3.43
1971,Brazil,11.34,48869830902,2.62,1075071453.00,715.84,48684157319,11.74
1971,India,1.64,67350988021,3.65,2255256983.00,267.35,66959943084,1.67
1971,Mexico,3.76,39200000000,0.49,191200000.00,809.64,38495400000,3.71
1971,South Africa,4.28,20333691316,2.46,485866527.20,2004.34,19677946200,4.65
1971,China,7.06,99800958648,,,464.93,99800958648,
1971,World,4.29,3305490000000,4.49,,1337.61,3316130000000,
1972,Germany,4.30,299802000000,3.17,8478070554.00,4017.34,300634000000,4.21
1972,France,4.51,203494000000,3.23,6326060061.00,3170.75,204303000000,4.42
1972,Italy,3.69,145260000000,2.39,3289362465.00,2050.74,146590000000,3.75
1972,Japan,8.41,318031000000,0.84,2567519428.00,2667.05,318385000000,8.56
1972,Canada,,113083000000,2.01,2233737031.00,6863.44,111973000000,
1972,Russian Federation,,,,,,,
1972,United States,5.26,1279110000000,6.52,80708070966.00,7941.00,1280510000000,5.28
1972,United Kingdom,4.32,169965000000,5.17,8789192637.00,3747.96,183406000000,4.21
1972,Brazil,11.94,58434858375,2.44,1195501488.00,749.01,58075347259,12.23
1972,India,-0.55,71463193830,3.72,2497244706.00,267.31,71072538513,-0.53
1972,Mexico,8.23,45200000000,0.54,242400000.00,869.19,44387480000,8.22
1972,South Africa,1.65,21357435928,2.37,492386546.20,1984.18,20654974276,1.50
1972,China,3.81,113688000000,,,477.17,113688000000,
1972,World,5.63,3811560000000,4.22,,1372.43,3832570000000,
1973,Germany,4.78,398374000000,3.16,11237904808.00,4240.06,399423000000,4.81
1973,France,6.34,264430000000,3.14,7976535302.00,3385.51,265236000000,6.24
1973,Italy,7.13,175492000000,2.20,3638240139.00,2175.59,176669000000,6.88
1973,Japan,8.03,432083000000,0.82,3374561100.00,2947.08,432615000000,8.05
1973,Canada,,131322000000,1.83,2363060955.00,7084.62,129948000000,
1973,Russian Federation,,,,,,,
1973,United States,5.65,1425380000000,5.89,81469794408.00,8163.60,1431850000000,5.87
1973,United Kingdom,6.52,192538000000,4.91,9446894124.00,3880.65,208162000000,6.75
1973,Brazil,13.97,83592275863,2.15,1512670977.00,801.68,78380807935,13.59
1973,India,3.30,85515269586,3.16,2529921054.00,268.60,85101941339,3.36
1973,Mexico,7.86,55280000000,0.54,300800000.00,933.09,54435528000,8.16
1973,South Africa,4.57,29295674714,2.65,752926325.60,2056.77,28370548144,4.47
1973,China,7.76,138544000000,,,483.72,138544000000,
1973,World,6.42,4650050000000,3.77,,1418.52,4673120000000,
1974,Germany,0.89,445303000000,3.26,12965199627.00,4158.27,446479000000,0.90
1974,France,4.30,285552000000,3.09,8361637313.00,3253.33,286106000000,4.18
1974,Italy,5.50,199564000000,2.07,3890003394.00,2212.21,199722000000,4.96
1974,Japan,-1.23,479626000000,0.86,3962157887.00,2924.25,479243000000,-1.38
1974,Canada,,160409000000,1.78,2809465529.00,7090.00,158581000000,
1974,Russian Federation,,,,,,,
1974,United States,-0.54,1545240000000,5.95,89278920340.00,7909.59,1553300000000,-0.43
1974,United Kingdom,-2.48,206131000000,5.07,10450754432.00,3734.84,224892000000,-2.49
1974,Brazil,8.15,109795000000,1.94,1790114213.00,833.20,104326000000,8.56
1974,India,1.19,99525899116,3.20,2895415720.00,272.71,99161036284,1.32
1974,Mexico,5.78,72000000000,0.57,407200000.00,964.95,70743688000,5.51
1974,South Africa,6.11,36807721038,3.09,1102318401.00,2077.14,35558230627,5.87
1974,China,2.31,144182000000,,,486.17,144182000000,
1974,World,1.81,5359410000000,3.79,,1391.13,5376930000000,
1975,Germany,-0.87,490637000000,3.28,14381443616.00,3984.97,492618000000,-0.78
1975,France,-0.96,360832000000,3.20,10945218802.00,3058.74,361759000000,-0.90
1975,Italy,-2.09,227696000000,1.98,4217069829.00,2106.08,228223000000,-1.99
1975,Japan,3.09,521542000000,0.91,4534902135.00,2734.12,521532000000,3.16
1975,Canada,,173834000000,1.86,3180915490.00,7170.41,171803000000,
1975,Russian Federation,,,,,,,
1975,United States,-0.21,1684900000000,5.62,92080928754.00,7656.26,1684550000000,-0.43
1975,United Kingdom,-1.47,241757000000,5.34,12907674884.00,3545.82,266675000000,-1.76
1975,Brazil,5.17,129204000000,1.97,2141126693.00,849.57,122017000000,4.58
1975,India,9.15,98472796457,3.53,3323646801.00,275.91,98178114598,9.23
1975,Mexico,5.74,88000000000,0.57,504800000.00,992.23,86091952000,5.29
1975,South Africa,1.70,38114542813,3.87,1431695127.00,2142.13,36575681331,1.28
1975,China,8.72,163432000000,,,527.49,163432000000,
1975,World,0.60,5970100000000,3.80,,1366.36,5987980000000,
1976,Germany,4.95,519754000000,3.14,14549820055.00,4314.58,522285000000,5.04
1976,France,4.36,372319000000,3.16,11175248198.00,3247.75,373386000000,4.39
1976,Italy,7.13,224717000000,1.83,3844185965.00,2264.06,225069000000,7.04
1976,Japan,3.97,586162000000,0.89,5008396504.00,2876.70,586222000000,3.98
1976,Canada,,206576000000,1.77,3581805735.00,7293.70,203585000000,
1976,Russian Federation,,,,,,,
1976,United States,5.39,1873410000000,5.19,94715251080.00,8100.56,1869600000000,5.52
1976,United Kingdom,2.91,232615000000,5.18,12038757739.00,3616.98,256622000000,2.97
1976,Brazil,10.26,153169000000,2.00,2576476982.00,870.86,150358000000,10.04
1976,India,1.66,102717000000,3.48,3294910612.00,280.45,102456000000,1.69
1976,Mexico,4.42,89025974026,0.60,531576968.50,1033.44,86770084416,4.00
1976,South Africa,2.25,36603349970,4.73,1677275419.00,2161.07,35101449971,2.25
1976,China,-1.57,153940000000,,,537.17,153940000000,
1976,World,5.30,6490820000000,3.67,,1421.10,6500040000000,
1977,Germany,3.35,600498000000,3.04,16288883939.00,4336.09,602463000000,3.26
1977,France,3.46,410279000000,3.23,12634633833.00,3172.81,411210000000,3.40
1977,Italy,2.56,257596000000,1.89,4556493518.00,2204.18,258297000000,2.67
1977,Japan,4.39,721412000000,0.89,6157312577.00,2899.68,721806000000,4.42
1977,Canada,,211612000000,1.81,3752174526.00,7431.44,207885000000,
1977,Russian Federation,,,,,,,
1977,United States,4.62,2081830000000,5.16,104665000000.00,8285.57,2082670000000,4.70
1977,United Kingdom,2.46,263066000000,4.92,12952124606.00,3695.38,286192000000,1.96
1977,Brazil,4.93,176344000000,1.69,2499644658.00,878.91,173253000000,4.76
1977,India,7.25,121487000000,3.16,3477080945.00,281.95,121215000000,7.28
1977,Mexico,3.39,81814159292,0.53,437692985.80,1088.62,79585539823,3.23
1977,South Africa,-0.09,40651349967,5.26,2073738018.00,2152.22,38913699968,-0.26
1977,China,7.57,174938000000,,,577.21,174938000000,
1977,World,4.08,7341430000000,3.75,,1445.22,7344290000000,
1978,Germany,3.01,740470000000,3.05,20159786212.00,4483.88,745554000000,3.32
1978,France,3.98,506708000000,3.15,15852894823.00,3369.34,508321000000,4.08
1978,Italy,3.24,315058000000,1.88,5540992658.00,2247.57,316003000000,3.27
1978,Japan,5.27,1013610000000,0.89,8657135933.00,2897.96,1015020000000,5.35
1978,Canada,,218633000000,1.85,3969158477.00,7561.74,213975000000,
1978,Russian Federation,,,,,,,
1978,United States,5.54,2351600000000,4.94,113382000000.00,8438.40,2349860000000,5.47
1978,United Kingdom,4.20,335883000000,4.73,15897336096.00,3675.44,363945000000,4.33
1978,Brazil,4.97,200279000000,1.60,2690623102.00,913.32,196081000000,4.29
1978,India,5.71,137300000000,3.13,3975819130.00,279.38,137110000000,5.80
1978,Mexico,8.96,102500000000,0.50,518287192.60,1186.65,99570083333,8.82
1978,South Africa,3.01,46739449962,4.56,2067988017.00,2218.84,44786749963,3.04
1978,China,11.33,149541000000,,,617.15,149541000000,
1978,World,4.11,8646230000000,3.57,,1476.55,8648130000000,
1979,Germany,4.15,881345000000,2.96,23323130253.00,4685.30,884771000000,3.95
1979,France,3.55,613953000000,3.14,19040482589.00,3495.90,616651000000,3.67
1979,Italy,5.96,393677000000,1.87,6904107163.00,2340.04,395900000000,6.24
1979,Japan,5.48,1055010000000,0.91,9173587661.00,3043.53,1057440000000,5.59
1979,Canada,,243072000000,1.71,4084145738.00,7862.21,237297000000,
1979,Russian Federation,,,,,,,
1979,United States,3.17,2627330000000,4.95,126880000000.00,8327.04,2614200000000,3.46
1979,United Kingdom,3.75,438994000000,4.68,20544684886.00,3858.98,470754000000,3.55
1979,Brazil,6.76,221338000000,1.52,2829161200.00,948.40,218945000000,6.39
1979,India,-5.24,152992000000,3.26,4589738352.00,285.54,153181000000,-5.00
1979,Mexico,9.70,134561000000,0.51,679663588.40,1269.81,130466000000,9.49
1979,South Africa,3.79,57645721018,3.86,2160867340.00,2234.70,55306116362,3.84
1979,China,7.59,178281000000,,,619.04,178281000000,
1979,World,4.19,10042600000000,3.50,,1493.38,10016400000000,
1980,Germany,1.41,950291000000,2.96,25125769752.00,4562.30,954146000000,1.45
1980,France,1.58,701288000000,3.16,22198183002.00,3476.52,706461000000,1.87
1980,Italy,3.43,477257000000,1.76,7915696626.00,2318.43,480256000000,3.51
1980,Japan,2.82,1105390000000,0.91,9711741591.00,2949.50,1106180000000,2.70
1980,Canada,,273854000000,1.76,4744402251.00,7828.84,267381000000,
1980,Russian Federation,,,,,,,
1980,United States,-0.26,2857310000000,5.15,143688000000.00,7942.25,2847060000000,-0.28
1980,United Kingdom,-2.03,564948000000,5.02,28360159220.00,3523.65,600547000000,-2.28
1980,Brazil,9.20,237393000000,1.14,2259307479.00,943.30,227300000000,8.59
1980,India,6.74,186325000000,3.13,5420809519.00,286.16,186762000000,6.85
1980,Mexico,9.23,205139000000,0.42,810422203.80,1403.67,198702000000,8.88
1980,South Africa,6.62,82980483388,3.30,2661671165.00,2289.56,79654998274,6.45
1980,China,7.83,191149000000,,,609.46,191149000000,
1980,World,1.81,11321400000000,3.52,366321000000.00,1454.89,11261200000000,
1981,Germany,0.53,800472000000,3.04,21738730858.00,4399.50,802341000000,0.45
1981,France,1.07,615552000000,3.25,20047753849.00,3379.17,619460000000,0.96
1981,Italy,0.84,430703000000,1.82,7387713298.00,2265.93,430142000000,0.21
1981,Japan,4.21,1218990000000,0.92,10851176225.00,2864.05,1218200000000,4.06
1981,Canada,,306215000000,1.71,5141128191.00,7555.24,296987000000,
1981,Russian Federation,,,,,,,
1981,United States,2.54,3207040000000,5.65,176559000000.00,7647.54,3201890000000,2.37
1981,United Kingdom,-0.79,540766000000,4.98,26948261221.00,3415.38,571291000000,-0.74
1981,Brazil,-4.25,258015000000,1.14,2517859757.00,883.88,252659000000,-5.10
1981,India,6.01,193491000000,3.19,5879007036.00,293.74,193535000000,5.79
1981,Mexico,8.53,263959000000,0.51,1284948561.00,1463.21,253845000000,7.62
1981,South Africa,5.36,85454420500,3.64,3011979548.00,2451.92,81875255314,5.41
1981,China,5.11,195866000000,,,597.15,195783000000,
1981,World,1.93,11712400000000,3.80,404073000000.00,1414.45,11652800000000,
1982,Germany,-0.39,776576000000,3.03,21037571076.00,4257.86,777698000000,-0.48
1982,France,2.51,584878000000,3.22,18918492344.00,3280.26,586300000000,2.12
1982,Italy,0.41,427273000000,2.01,8062597403.00,2206.54,426273000000,0.32
1982,Japan,3.31,1134520000000,0.93,10193936012.00,2839.87,1136200000000,3.54
1982,Canada,,313507000000,1.95,6017321456.00,7173.56,303780000000,
1982,Russian Federation,,,,,,,
1982,United States,-1.80,3343790000000,6.81,221674000000.00,7259.08,3371450000000,-1.73
1982,United Kingdom,1.99,515049000000,5.38,27714188335.00,3397.12,542822000000,1.90
1982,Brazil,0.83,271314000000,1.30,3031328924.00,877.86,267229000000,-0.21
1982,India,3.48,200715000000,3.35,6302107956.00,298.08,200057000000,3.13
1982,Mexico,-0.52,184609000000,0.50,858130162.70,1495.76,172348000000,-3.77
1982,South Africa,-0.38,78423059790,3.61,2744699858.00,2594.19,75295457579,-0.27
1982,China,9.02,205090000000,,,606.83,205361000000,
1982,World,0.42,11595900000000,4.33,,1383.90,11552600000000,0.27
1983,Germany,1.57,770684000000,3.03,20828212902.00,4268.05,774212000000,1.81
1983,France,1.24,559869000000,3.24,18188520275.00,3347.53,557555000000,0.59
1983,Italy,1.17,443042000000,2.02,8409527116.00,2203.86,442613000000,1.26
1983,Japan,3.52,1243320000000,0.95,11429317256.00,2822.74,1246300000000,3.62
1983,Canada,,340548000000,2.08,6947104072.00,7076.52,331848000000,
1983,Russian Federation,,,,,,,
1983,United States,4.58,3634040000000,6.32,223427000000.00,7199.12,3614170000000,4.51
1983,United Kingdom,4.22,489618000000,5.40,26423122399.00,3377.90,518164000000,4.54
1983,Brazil,-2.93,189657000000,1.25,2082669251.00,879.25,191446000000,-3.89
1983,India,7.29,218262000000,3.32,6830768698.00,300.70,217347000000,7.19
1983,Mexico,-3.49,156159000000,0.52,778556797.20,1376.33,147036000000,-2.35
1983,South Africa,-1.85,87415851376,3.60,3052688269.00,2569.61,84058881624,-1.83
1983,China,10.77,230687000000,,,621.91,231563000000,
1983,World,2.62,11823700000000,4.18,,1374.39,11767500000000,2.87
1984,Germany,2.82,725111000000,2.93,18943609976.00,4447.32,731282000000,3.18
1984,France,1.51,530684000000,3.19,16977866455.00,3448.50,527303000000,1.29
1984,Italy,3.23,437888000000,2.01,8296144788.00,2253.72,437383000000,3.22
1984,Japan,4.50,1318380000000,0.96,12225078098.00,3016.18,1322540000000,4.58
1984,Canada,,355373000000,2.12,7349795764.00,7368.74,345679000000,
1984,Russian Federation,,,,,,,
1984,United States,7.24,4037610000000,6.24,245149000000.00,7443.32,4032290000000,7.10
1984,United Kingdom,2.27,461487000000,5.51,25418839536.00,3370.52,488885000000,2.38
1984,Brazil,5.40,188340000000,1.20,2013151758.00,915.08,197145000000,5.39
1984,India,3.82,212158000000,3.42,6956682449.00,306.07,210960000000,3.68
1984,Mexico,3.41,184261000000,0.66,1155945373.00,1406.28,174185000000,3.94
1984,South Africa,5.10,77344092907,3.70,2770152107.00,2713.66,74350757754,5.09
1984,China,15.19,259947000000,,,651.07,261221000000,
1984,World,4.68,12255600000000,4.18,459879000000.00,1405.80,12234500000000,4.51
1985,Germany,2.33,732535000000,2.87,18752463333.00,4598.14,738823000000,2.34
1985,France,1.62,553138000000,3.14,17455151458.00,3597.64,552408000000,2.13
1985,Italy,2.80,452217000000,1.94,8253390533.00,2284.81,451126000000,2.68
1985,Japan,5.23,1398890000000,0.96,13087751954.00,3003.17,1405670000000,5.42
1985,Canada,,364756000000,2.10,7460563318.00,7468.10,354995000000,
1985,Russian Federation,,,,,,,
1985,United States,4.17,4338980000000,6.45,272163000000.00,7456.26,4310070000000,3.85
1985,United Kingdom,4.15,489285000000,5.32,26031881546.00,3550.78,512183000000,3.86
1985,Brazil,7.85,210880000000,1.43,2687049984.00,956.23,211064000000,8.52
1985,India,5.25,232512000000,3.57,7567024020.00,314.90,231344000000,5.32
1985,Mexico,2.19,195220000000,0.68,1241863652.00,1429.45,186223000000,3.17
1985,South Africa,-1.21,59082638804,3.70,2117406345.00,2643.91,56512053141,-1.67
1985,China,13.43,309488000000,,,657.76,310328000000,
1985,World,3.71,12889900000000,4.23,486713000000.00,1415.90,12845600000000,3.56
1986,Germany,2.29,1046260000000,2.79,26065367271.00,4589.15,1052670000000,2.15
1986,France,2.34,771471000000,3.09,23901440137.00,3632.92,774781000000,2.91
1986,Italy,2.86,640386000000,1.98,11941809156.00,2311.55,637092000000,2.58
1986,Japan,3.33,2078950000000,0.96,19457334441.00,3020.81,2088420000000,3.30
1986,Canada,,377438000000,2.11,7780136740.00,7521.89,366252000000,
1986,Russian Federation,,,,,,,
1986,United States,3.46,4579630000000,6.63,295546000000.00,7376.10,4516540000000,3.24
1986,United Kingdom,3.15,601453000000,5.06,30432577940.00,3597.94,632310000000,3.43
1986,Brazil,7.49,256481000000,1.22,2758186568.00,980.42,256174000000,8.60
1986,India,4.78,248986000000,4.11,9539363086.00,318.87,247574000000,4.72
1986,Mexico,-3.08,134550000000,0.63,817296611.70,1361.72,127031000000,-3.82
1986,South Africa,0.02,67521602553,3.82,2497888430.00,2686.26,64575910334,0.08
1986,China,8.95,300758000000,,,671.21,300735000000,
1986,World,3.45,15241200000000,3.92,531749000000.00,1417.91,15155300000000,3.17
1987,Germany,1.40,1298180000000,2.77,32131496921.00,4616.40,1304230000000,1.32
1987,France,2.56,934173000000,3.12,29280470206.00,3702.24,941591000000,2.93
1987,Italy,3.19,805713000000,2.06,15653065895.00,2407.26,803230000000,3.37
1987,Japan,4.73,2532810000000,0.97,23642290700.00,3044.66,2549580000000,4.95
1987,Canada,,431317000000,2.06,8694447168.00,7671.20,419782000000,
1987,Russian Federation,,,,,,,
1987,United States,3.46,4855220000000,6.42,304087000000.00,7622.17,4828880000000,3.45
1987,United Kingdom,5.39,745163000000,4.69,34921759890.00,3619.08,776775000000,5.27
1987,Brazil,3.53,283057000000,1.74,4323674770.00,998.40,282955000000,4.32
1987,India,3.97,279034000000,4.23,10877406164.00,323.88,277014000000,3.80
1987,Mexico,1.72,147541000000,0.58,813391574.40,1403.21,140740000000,2.66
1987,South Africa,2.10,88573697223,4.19,3595968625.00,2718.50,85456852378,2.82
1987,China,11.66,272973000000,,,694.42,272794000000,
1987,World,3.74,17347600000000,3.79,600270000000.00,1444.24,17286700000000,3.69
1988,Germany,3.71,1401230000000,2.64,33036667269.00,4629.18,1414780000000,4.21
1988,France,4.74,1018850000000,2.96,30327270741.00,3665.57,1025570000000,4.61
1988,Italy,4.19,891609000000,2.07,17403664790.00,2462.80,889210000000,4.24
1988,Japan,6.79,3071680000000,0.95,28216102753.00,3243.60,3093130000000,6.83
1988,Canada,,507354000000,1.99,9897335684.00,7885.24,492889000000,
1988,Russian Federation,,554713000000,,,,556478000000,
1988,United States,4.18,5236440000000,6.07,309661000000.00,7849.75,5256090000000,4.25
1988,United Kingdom,5.73,910123000000,4.21,38357236514.00,3643.01,945960000000,5.80
1988,Brazil,-0.06,308334000000,2.12,5874167753.00,992.59,317177000000,-0.34
1988,India,9.63,296589000000,3.73,11346419153.00,334.26,293483000000,9.30
1988,Mexico,1.28,181612000000,0.54,981914645.60,1392.42,174366000000,2.33
1988,South Africa,4.20,95176640968,4.62,4263086823.00,2763.77,92004394169,4.43
1988,China,11.22,312354000000,,,720.34,312230000000,
1988,World,4.66,19373500000000,3.53,638840000000.00,1469.54,19426000000000,4.44
1989,Germany,3.90,1398970000000,2.53,31631605145.00,4514.70,1414250000000,4.06
1989,France,4.34,1025210000000,2.88,29665454335.00,3795.90,1029130000000,4.05
1989,Italy,3.39,928661000000,2.03,17675486539.00,2566.11,924083000000,3.21
1989,Japan,4.86,3054910000000,0.94,27966353542.00,3352.01,3078860000000,4.96
1989,Canada,,565056000000,1.93,10747134689.00,7963.30,547709000000,
1989,Russian Federation,,506500000000,,,,506589000000,
1989,United States,3.67,5641580000000,5.87,321867000000.00,7890.29,5598380000000,3.68
1989,United Kingdom,2.58,926885000000,4.04,37456646813.00,3626.30,951888000000,2.44
1989,Brazil,3.16,347028000000,2.69,8761486966.00,993.91,365712000000,12.95
1989,India,5.95,296042000000,3.53,10589796925.00,342.70,292603000000,5.82
1989,Mexico,4.11,221401000000,0.52,1153375828.00,1426.67,213098000000,4.35
1989,South Africa,2.39,99030856825,4.36,4181886467.00,2585.62,95661399467,2.34
1989,China,4.21,347768000000,2.45,11251332630.00,724.12,347943000000,
1989,World,3.74,20171300000000,3.44,658524000000.00,1475.93,20170400000000,3.99
1990,Germany,5.26,1771670000000,2.52,39834666880.00,4421.36,1790870000000,5.35
1990,France,2.92,1269180000000,2.81,35774430325.00,3846.63,1273600000000,2.89
1990,Italy,1.99,1181220000000,1.88,20734625579.00,2583.89,1166760000000,1.31
1990,Japan,4.89,3132820000000,0.94,28800451682.00,3552.86,3156840000000,4.88
1990,Canada,,593930000000,1.96,11414631847.00,7630.09,574627000000,
1990,Russian Federation,-3.00,516814000000,,,5941.59,515781000000,
1990,United States,1.89,5963140000000,5.61,325129000000.00,7671.77,5902290000000,2.03
1990,United Kingdom,0.73,1093170000000,3.98,43545094840.00,3597.05,1116250000000,0.54
1990,Brazil,-4.35,390726000000,2.36,9236296955.00,940.97,380339000000,-11.35
1990,India,5.53,320979000000,3.15,10537035450.00,350.08,316775000000,5.38
1990,Mexico,5.18,261254000000,0.43,1210872502.00,1473.39,252628000000,5.62
1990,South Africa,-0.32,115552000000,3.90,4364458204.00,2471.60,111285000000,-0.59
1990,China,3.92,360858000000,2.45,9926349251.00,767.00,361823000000,
1990,World,2.88,22739500000000,3.31,713011000000.00,1663.81,22618900000000,2.47
1991,Germany,5.11,1868950000000,2.00,37196729730.00,4302.89,1875830000000,4.55
1991,France,1.05,1269280000000,2.81,35869120915.00,4043.10,1272600000000,0.96
1991,Italy,1.54,1246220000000,1.86,21585706772.00,2645.67,1228450000000,1.36
1991,Japan,3.42,3584420000000,0.94,32785415754.00,3574.01,3609950000000,3.36
1991,Canada,,610328000000,1.90,11338503299.00,7517.33,592228000000,
1991,Russian Federation,-5.05,517963000000,,,5870.23,516545000000,-5.13
1991,United States,-0.11,6158130000000,4.88,299373000000.00,7631.47,6096750000000,-0.17
1991,United Kingdom,-1.10,1142800000000,4.12,47045457327.00,3707.95,1169940000000,-1.04
1991,Brazil,1.03,342609000000,1.96,6694665295.00,942.04,334931000000,1.35
1991,India,1.06,270105000000,2.91,8622473881.00,357.37,265995000000,0.83
1991,Mexico,4.21,313143000000,0.44,1459136041.00,1518.49,304535000000,4.80
1991,South Africa,-1.02,123943000000,3.22,3874415135.00,2518.12,120735000000,-0.05
1991,China,9.26,383373000000,2.31,9802375366.00,736.85,384152000000,
1991,World,1.45,23707000000000,3.01,698285000000.00,1649.65,23598600000000,1.27
1992,Germany,1.92,2131570000000,1.86,39502452271.00,4190.98,2137940000000,1.77
1992,France,1.60,1401470000000,2.69,37902269821.00,3954.00,1406930000000,1.73
1992,Italy,0.83,1320160000000,1.75,22177090390.00,2627.34,1298790000000,0.68
1992,Japan,0.85,3908810000000,0.95,35999123576.00,3644.19,3942650000000,1.01
1992,Canada,,592388000000,1.86,10788803124.00,7601.69,573080000000,
1992,Russian Federation,-14.53,460291000000,4.43,,5356.51,455790000000,-15.26
1992,United States,3.52,6520330000000,4.97,325034000000.00,7677.40,6435470000000,3.48
1992,United Kingdom,0.40,1179660000000,3.86,45592591818.00,3684.72,1221730000000,0.66
1992,Brazil,-0.54,328188000000,1.52,4993804467.00,935.75,321997000000,-0.21
1992,India,5.48,288208000000,2.70,8083231410.00,363.08,283799000000,5.48
1992,Mexico,3.54,363158000000,0.47,1824550066.00,1503.68,353563000000,3.63
1992,South Africa,-2.14,134545000000,2.82,3677406461.00,2290.67,131600000000,-1.82
1992,China,14.22,426916000000,2.45,12244267842.00,752.63,427130000000,
1992,World,2.06,25393700000000,2.94,730299000000.00,1621.34,25276400000000,1.56
1993,Germany,-0.98,2071320000000,1.69,35030537589.00,4122.70,2074910000000,-1.15
1993,France,-0.63,1322820000000,2.69,35775273293.00,4001.90,1329200000000,-0.54
1993,Italy,-0.85,1064960000000,1.79,18242013901.00,2611.99,1049910000000,-0.62
1993,Japan,-0.52,4454140000000,0.95,41353936222.00,3655.97,4493790000000,-0.49
1993,Canada,,577171000000,1.82,10268822622.00,7770.55,559372000000,
1993,Russian Federation,-8.67,435084000000,4.18,7766720078.00,5059.86,430624000000,-8.57
1993,United States,2.75,6858560000000,4.60,316719000000.00,7709.50,6733770000000,2.73
1993,United Kingdom,2.49,1061390000000,3.59,38113206791.00,3713.19,1098420000000,2.39
1993,Brazil,4.92,368296000000,1.93,7099899155.00,943.33,359330000000,4.38
1993,India,4.75,279296000000,2.82,8253542581.00,364.51,275445000000,4.90
1993,Mexico,1.94,500736000000,0.44,2122980338.00,1502.22,489113000000,2.23
1993,South Africa,1.23,147197000000,2.50,3254313379.00,2395.38,144534000000,1.55
1993,China,13.88,444731000000,1.93,12360225861.00,788.13,443809000000,
1993,World,1.81,25822500000000,2.77,698673000000.00,1613.04,25707500000000,1.13
1994,Germany,2.39,2205070000000,1.55,34197705640.00,4088.80,2204520000000,1.71
1994,France,2.36,1393980000000,2.66,37288606060.00,3836.11,1398520000000,2.20
1994,Italy,2.15,1099220000000,1.71,18062459082.00,2578.47,1082150000000,1.99
1994,Japan,0.99,4998800000000,0.92,45285594083.00,3844.29,5040360000000,0.93
1994,Canada,,578139000000,1.70,9577377640.00,7957.25,559173000000,
1994,Russian Federation,-12.57,395077000000,4.52,13547871733.00,4426.67,393237000000,-12.05
1994,United States,4.03,7287240000000,4.22,308084000000.00,7757.83,7170250000000,3.88
1994,United Kingdom,3.85,1140490000000,3.38,38569013505.00,3732.52,1199800000000,4.18
1994,Brazil,5.85,525370000000,2.02,10591499118.00,976.98,516608000000,4.33
1994,India,6.66,327276000000,2.66,8880551226.00,371.23,323109000000,6.78
1994,Mexico,4.94,527813000000,0.52,2635284079.00,1509.94,515157000000,4.85
1994,South Africa,3.20,153513000000,2.56,3478582291.00,2420.08,151091000000,3.44
1994,China,13.04,564325000000,1.69,9867120066.00,816.16,563289000000,
1994,World,3.30,27872400000000,2.58,707808000000.00,1599.01,27787900000000,2.69
1995,Germany,1.54,2585790000000,1.50,38742699103.00,4119.69,2582250000000,1.31
1995,France,2.11,1601090000000,2.49,40124024138.00,3981.35,1606460000000,2.12
1995,Italy,2.89,1174660000000,1.47,17185853004.00,2799.38,1160410000000,3.23
1995,Japan,2.63,5545560000000,0.92,49961673237.00,3934.96,5592680000000,2.65
1995,Canada,,604032000000,1.55,9176903908.00,7979.90,585087000000,
1995,Russian Federation,-4.14,395537000000,3.78,12741629470.00,4290.69,392166000000,-4.50
1995,United States,2.68,7639750000000,3.86,295853000000.00,7763.76,7574690000000,2.74
1995,United Kingdom,2.53,1346420000000,2.85,38294283080.00,3728.96,1304550000000,2.31
1995,Brazil,4.22,769333000000,1.86,14318919608.00,994.29,757887000000,6.75
1995,India,7.57,360282000000,2.58,9754464630.00,385.09,356252000000,7.74
1995,Mexico,-6.29,360074000000,0.45,1562615372.00,1437.65,346715000000,-7.58
1995,South Africa,3.10,171735000000,2.12,3292446562.00,2498.89,168860000000,2.98
1995,China,10.95,734548000000,1.69,12385129475.00,866.83,722773000000,
1995,World,3.09,31043800000000,2.39,726591000000.00,1616.15,30892600000000,2.62
1996,Germany,0.81,2497240000000,1.47,36701189772.00,4246.55,2497600000000,0.96
1996,France,1.41,1605680000000,2.41,38977734096.00,4191.92,1619350000000,1.93
1996,Italy,1.27,1312430000000,1.59,20793128832.00,2796.15,1299730000000,1.52
1996,Japan,3.13,4923390000000,0.91,44047104680.00,4008.48,4982750000000,3.51
1996,Canada,,628546000000,1.40,8615884471.00,8053.45,609656000000,
1996,Russian Federation,-3.76,391725000000,3.76,15826340652.00,4252.61,386290000000,-4.28
1996,United States,3.77,8073120000000,3.55,287961000000.00,7844.47,8045910000000,3.79
1996,United Kingdom,2.43,1421510000000,2.72,38566134645.00,3879.82,1373980000000,2.48
1996,Brazil,2.21,850426000000,1.65,14073226545.00,1030.67,827517000000,0.98
1996,India,7.55,392897000000,2.47,9904672736.00,389.43,389212000000,7.74
1996,Mexico,6.77,410976000000,0.48,1882873103.00,1445.93,396992000000,7.17
1996,South Africa,4.30,163237000000,1.76,2591787131.00,2504.90,160125000000,4.07
1996,China,9.92,863747000000,1.65,14275400820.00,881.65,851310000000,10.03
1996,World,3.61,31736300000000,2.32,724515000000.00,1633.31,31581900000000,3.53
1997,Germany,1.79,2211990000000,1.41,31267710403.00,4203.36,2207770000000,1.58
1997,France,2.34,1452880000000,2.38,34697904099.00,4049.23,1470550000000,2.70
1997,Italy,1.83,1241880000000,1.63,20156102258.00,2834.40,1236200000000,2.36
1997,Japan,0.98,4492450000000,0.92,40634840608.00,4041.17,4551410000000,1.09
1997,Canada,,654987000000,1.25,7945140183.00,8056.24,634691000000,
1997,Russian Federation,1.40,404929000000,4.04,17577353181.00,4069.69,396237000000,0.70
1997,United States,4.38,8577550000000,3.41,293168000000.00,7828.58,8589270000000,4.27
1997,United Kingdom,4.91,1559570000000,2.56,39889947449.00,3760.71,1536470000000,5.05
1997,Brazil,3.39,883206000000,1.58,13934266552.00,1066.19,855026000000,2.87
1997,India,4.05,415868000000,2.65,11464883390.00,397.38,412314000000,4.13
1997,Mexico,6.85,500413000000,0.46,2184061042.00,1498.00,487611000000,7.74
1997,South Africa,2.60,168977000000,1.58,2414137710.00,2527.94,165755000000,2.60
1997,China,9.24,961604000000,1.63,15699586769.00,871.76,950600000000,9.50
1997,World,3.87,31619800000000,2.32,724579000000.00,1626.41,31513700000000,3.83
1998,Germany,2.01,2238990000000,1.39,31200768078.00,4177.29,2226180000000,1.62
1998,France,3.59,1503110000000,2.23,33633561283.00,4151.63,1522700000000,3.68
1998,Italy,1.81,1270050000000,1.64,20825125352.00,2912.95,1263070000000,1.71
1998,Japan,-1.27,4098360000000,0.94,37849012643.00,3955.63,4148980000000,-1.34
1998,Canada,2.80,634000000000,1.26,7748607984.00,7948.40,612675000000,2.52
1998,Russian Federation,-5.30,270955000000,2.73,7955730401.00,3981.50,259166000000,-7.23
1998,United States,4.48,9062820000000,3.20,290996000000.00,7803.70,9135460000000,4.40
1998,United Kingdom,3.15,1653390000000,2.50,41222125833.00,3787.11,1660690000000,3.68
1998,Brazil,0.34,863711000000,1.66,14357357047.00,1075.20,825524000000,-0.92
1998,India,6.18,421351000000,2.73,11920610818.00,399.50,417793000000,6.19
1998,Mexico,5.16,526502000000,0.45,2263223453.00,1516.61,513008000000,5.16
1998,South Africa,0.50,152983000000,1.38,1905656009.00,2471.48,149819000000,0.33
1998,China,7.85,1029040000000,1.66,17031780200.00,869.36,1012400000000,7.41
1998,World,2.79,31539700000000,2.27,706829000000.00,1611.34,31493000000000,2.86
1999,Germany,1.89,2194950000000,1.40,30690158426.00,4079.93,2179760000000,1.76
1999,France,3.42,1493150000000,2.18,32672714285.00,4123.53,1522930000000,4.13
1999,Italy,1.63,1252450000000,1.68,21016456910.00,2957.31,1250010000000,1.99
1999,Japan,-0.33,4635980000000,0.95,43122898505.00,4011.22,4692900000000,-0.34
1999,Canada,3.97,678412000000,1.24,8210778540.00,8107.52,655585000000,3.90
1999,Russian Federation,6.40,195907000000,3.07,6469035211.00,4136.75,188191000000,6.78
1999,United States,4.75,9630660000000,3.09,298095000000.00,7923.22,9690390000000,4.89
1999,United Kingdom,2.99,1685760000000,2.42,40760400667.00,3784.07,1680140000000,2.33
1999,Brazil,0.47,599642000000,1.65,9866973919.00,1083.40,568319000000,-0.30
1999,India,8.85,458820000000,2.96,13895562461.00,414.96,455259000000,8.94
1999,Mexico,2.75,600233000000,0.46,2652912012.00,1537.52,587223000000,3.13
1999,South Africa,2.40,151517000000,1.27,1738036625.00,2464.32,148308000000,2.37
1999,China,7.66,1094000000000,1.87,20473915095.00,878.52,1079530000000,7.91
1999,World,3.50,32736600000000,2.22,720489000000.00,1623.84,32693100000000,3.68
2000,Germany,2.91,1947980000000,1.36,26497593164.00,4094.06,1937020000000,3.05
2000,France,3.92,1365640000000,2.09,28403138949.00,4135.48,1387210000000,3.49
2000,Italy,3.79,1146680000000,1.74,19878720932.00,3012.20,1142300000000,3.59
2000,Japan,2.76,4968360000000,0.93,45509673827.00,4083.83,5040240000000,2.99
2000,Canada,4.92,744773000000,1.12,8299385231.00,8265.08,725237000000,5.72
2000,Russian Federation,10.00,259710000000,3.31,9228204144.00,4224.28,252974000000,11.15
2000,United States,4.13,10252300000000,3.11,320086000000.00,8056.86,10383700000000,4.18
2000,United Kingdom,3.67,1662130000000,2.37,39343711273.00,3785.75,1668250000000,4.38
2000,Brazil,4.39,655448000000,1.73,11344032535.00,1072.38,636572000000,6.95
2000,India,3.84,468395000000,2.95,14287514241.00,417.29,463419000000,3.56
2000,Mexico,4.94,707907000000,0.45,3031454509.00,1516.64,692709000000,4.97
2000,South Africa,4.20,151753000000,1.39,1891725013.00,2424.88,148580000000,4.21
2000,China,8.49,1211350000000,1.83,22237140151.00,898.99,1196680000000,8.58
2000,World,4.50,33831900000000,2.21,742433000000.00,1637.21,33871200000000,4.49
2001,Germany,1.68,1945790000000,1.32,25815401959.00,4209.80,1932120000000,1.54
2001,France,1.98,1377660000000,2.03,27951566384.00,4246.00,1402500000000,2.21
2001,Italy,1.95,1168020000000,1.68,19519381482.00,3020.62,1164450000000,2.03
2001,Japan,0.39,4374710000000,0.95,40757967234.00,4008.27,4442720000000,0.50
2001,Canada,1.41,738982000000,1.14,8375571425.00,8056.35,718179000000,1.19
2001,Russian Federation,5.10,306602000000,3.55,11683151345.00,4288.38,302364000000,6.55
2001,United States,1.00,10581800000000,3.12,331806000000.00,7827.89,10746100000000,1.10
2001,United Kingdom,2.07,1643910000000,2.41,39512579944.00,3784.93,1655530000000,2.41
2001,Brazil,1.39,559984000000,1.95,10930231568.00,1076.28,541802000000,1.02
2001,India,4.82,485441000000,2.92,14600642346.00,416.01,481233000000,5.02
2001,Mexico,-0.40,756706000000,0.44,3229469276.00,1548.32,742674000000,-0.12
2001,South Africa,2.70,135430000000,1.48,1802262236.00,2461.03,131692000000,2.02
2001,China,8.34,1339400000000,1.98,26561462998.00,928.81,1320220000000,8.10
2001,World,2.00,33614900000000,2.24,755078000000.00,1636.49,33672800000000,2.06
2002,Germany,-0.20,2078480000000,1.33,27611355672.00,4108.40,2056430000000,-0.56
2002,France,1.14,1501410000000,2.05,30578398933.00,4225.47,1517050000000,0.39
2002,Italy,0.25,1276770000000,1.71,21610059762.00,3037.27,1271070000000,0.11
2002,Japan,0.04,4182850000000,0.96,39333708170.00,3991.98,4243890000000,-0.06
2002,Canada,3.42,760649000000,1.12,8495399281.00,7993.88,741407000000,3.80
2002,Russian Federation,4.70,345470000000,3.76,13943825063.00,4288.19,338887000000,4.19
2002,United States,1.74,10936400000000,3.45,378463000000.00,7843.34,11052200000000,1.68
2002,United Kingdom,2.12,1784080000000,2.49,44245265998.00,3685.87,1807140000000,2.71
2002,Brazil,3.05,509795000000,1.90,9664561903.00,1090.35,492693000000,2.90
2002,India,3.80,514938000000,2.83,14749667252.00,421.27,511490000000,3.99
2002,Mexico,-0.04,772106000000,0.42,3172268734.00,1534.72,758783000000,0.09
2002,South Africa,3.70,129088000000,1.53,1766082898.00,2384.14,126299000000,4.24
2002,China,9.13,1470550000000,2.05,30284127410.00,984.81,1455600000000,9.51
2002,World,2.34,34918200000000,2.34,815707000000.00,1649.28,34899900000000,2.11
2003,Germany,-0.70,2501640000000,1.32,32997363017.00,4084.50,2476230000000,-0.66
2003,France,0.82,1844540000000,2.10,38569115813.00,4270.95,1869030000000,1.11
2003,Italy,0.14,1577620000000,1.71,26824213292.00,3168.53,1570020000000,0.10
2003,Japan,1.54,4519560000000,0.96,42486177361.00,3953.18,4592580000000,1.69
2003,Canada,3.81,895541000000,1.12,9958245602.00,8341.34,873516000000,3.90
2003,Russian Federation,7.30,430348000000,3.67,16973739085.00,4461.31,417177000000,6.06
2003,United States,2.86,11458200000000,3.83,440532000000.00,7794.24,11534800000000,2.95
2003,United Kingdom,3.03,2057090000000,2.55,52343122277.00,3731.61,2083180000000,3.01
2003,Brazil,1.14,558234000000,1.50,8392905884.00,1094.42,540519000000,1.34
2003,India,7.86,607699000000,2.68,16333986643.00,424.29,603193000000,7.79
2003,Mexico,1.45,729336000000,0.41,2960496802.00,1603.94,716378000000,1.42
2003,South Africa,2.95,197020000000,1.47,2574176278.00,2518.33,192411000000,2.72
2003,China,10.04,1660290000000,1.98,33144000481.00,1118.43,1650070000000,10.42
2003,World,3.16,39148000000000,2.41,952682000000.00,1688.48,39074800000000,3.22
2004,Germany,1.18,2814350000000,1.27,35776573894.00,4114.39,2831350000000,2.84
2004,France,2.83,2119630000000,2.10,44524579613.00,4301.74,2148980000000,2.88
2004,Italy,1.42,1806540000000,1.68,30261076655.00,3169.93,1803550000000,1.75
2004,Japan,2.19,4893120000000,0.94,45339809415.00,4078.21,4987570000000,2.51
2004,Canada,3.91,1026690000000,1.11,11336489831.00,8455.55,1004570000000,4.24
2004,Russian Federation,7.20,591017000000,3.30,20955413571.00,4493.69,578245000000,8.07
2004,United States,3.80,12213700000000,4.02,492999000000.00,7881.58,12317600000000,3.92
2004,United Kingdom,2.36,2421810000000,2.50,60250782545.00,3694.48,2446890000000,2.13
2004,Brazil,5.76,669289000000,1.46,9780111585.00,1141.49,649516000000,5.98
2004,India,7.92,709149000000,2.83,20238566527.00,439.70,704169000000,7.96
2004,Mexico,3.92,782241000000,0.36,2854385965.00,1599.16,770594000000,4.18
2004,South Africa,4.55,255807000000,1.36,3099065125.00,2716.29,251495000000,5.25
2004,China,10.11,1955350000000,1.93,37904571827.00,1268.13,1950220000000,10.46
2004,World,4.48,44114300000000,2.40,1075920000000.00,1739.82,44071400000000,4.39
2005,Germany,0.73,2846860000000,1.07,30324965179.00,4086.50,2870370000000,0.95
2005,France,1.66,2196950000000,2.02,44442050523.00,4287.16,2234560000000,1.98
2005,Italy,0.82,1858220000000,1.61,29737642392.00,3214.67,1861140000000,1.15
2005,Japan,1.80,4831470000000,0.93,44300613330.00,4062.98,4938600000000,2.08
2005,Canada,5.00,1173110000000,1.11,12988132964.00,8422.03,1149140000000,5.14
2005,Russian Federation,6.40,764017000000,3.33,27336977274.00,4540.91,745491000000,5.99
2005,United States,3.51,13036600000000,4.09,533203000000.00,7846.50,13166500000000,3.46
2005,United Kingdom,2.59,2544830000000,2.43,61653635038.00,3686.36,2578610000000,2.89
2005,Brazil,3.20,891634000000,1.52,13588619736.00,1156.91,865860000000,3.26
2005,India,7.92,820382000000,2.75,23072312925.00,449.77,814483000000,7.90
2005,Mexico,2.31,877476000000,0.36,3123454978.00,1685.10,859157000000,1.67
2005,South Africa,5.28,288868000000,1.38,3566963815.00,2678.55,283927000000,5.23
2005,China,11.39,2285970000000,1.85,42789953651.00,1393.69,2269860000000,10.92
2005,World,4.05,47777900000000,2.39,1159550000000.00,1767.06,47732200000000,3.94
2006,Germany,3.82,2994700000000,1.20,35883657973.00,4204.65,3045350000000,4.70
2006,France,2.45,2320540000000,1.98,45792148416.00,4188.84,2366960000000,2.73
2006,Italy,1.79,1949550000000,1.53,29633022263.00,3175.80,1957290000000,2.03
2006,Japan,1.37,4601660000000,0.92,41552592886.00,4053.88,4724630000000,1.81
2006,Canada,4.17,1319260000000,1.13,14809892803.00,8239.95,1298300000000,4.71
2006,Russian Federation,8.20,989931000000,3.25,34517781619.00,4688.39,961127000000,7.54
2006,United States,2.85,13814600000000,4.04,558335000000.00,7697.65,14066400000000,2.61
2006,United Kingdom,2.58,2717060000000,2.37,64217619528.00,3598.81,2719260000000,1.34
2006,Brazil,3.96,1107630000000,1.48,16404867307.00,1184.15,1079910000000,4.35
2006,India,8.06,940260000000,2.53,23951927958.00,466.14,932915000000,7.99
2006,Mexico,4.50,975387000000,0.31,3035131019.00,1698.59,960398000000,5.07
2006,South Africa,5.60,303861000000,1.29,3506139658.00,2625.79,298725000000,5.60
2006,China,12.72,2752130000000,1.85,51453373234.00,1515.17,2746990000000,13.27
2006,World,4.50,51778700000000,2.36,1206040000000.00,1796.64,51901600000000,4.51
2007,Germany,2.98,3425580000000,1.17,40110859276.00,3985.81,3475320000000,2.74
2007,France,2.42,2660590000000,1.91,50684467384.00,4115.53,2713440000000,2.42
2007,Italy,1.49,2213100000000,1.45,31982431792.00,3149.58,2214810000000,1.17
2007,Japan,1.48,4579750000000,0.90,40530045688.00,4012.65,4720090000000,1.86
2007,Canada,6.87,1468820000000,1.19,17417139931.00,8213.39,1447200000000,7.07
2007,Russian Federation,8.50,1299710000000,3.12,43534994996.00,4709.84,1270880000000,9.29
2007,United States,1.88,14451900000000,4.08,589586000000.00,7758.17,14550100000000,2.20
2007,United Kingdom,2.27,3106180000000,2.37,73448032014.00,3441.64,3091150000000,1.70
2007,Brazil,6.07,1397110000000,1.47,20485758015.00,1238.41,1367440000000,6.48
2007,India,7.66,1216740000000,2.48,28254773450.00,485.10,1211640000000,8.04
2007,Mexico,2.29,1052700000000,0.40,4223037646.00,1662.60,1034990000000,2.13
2007,South Africa,5.36,333075000000,1.18,3525684244.00,2775.62,323308000000,4.00
2007,China,14.23,3550340000000,1.74,62136590755.00,1630.17,3558380000000,14.69
2007,World,4.44,58337500000000,2.33,1337680000000.00,1824.04,58206300000000,4.34
2008,Germany,0.96,3745260000000,1.21,45098956312.00,4036.83,3780820000000,0.46
2008,France,0.25,2930300000000,1.90,55365965845.00,4110.59,2994140000000,0.44
2008,Italy,-0.96,2408660000000,1.54,36839989746.00,3087.57,2386640000000,-1.93
2008,Japan,-1.22,5106680000000,0.92,46361468280.00,3858.43,5243860000000,-1.63
2008,Canada,1.01,1552990000000,1.25,19342058405.00,8194.88,1530170000000,0.99
2008,Russian Federation,5.20,1660850000000,3.15,56183785393.00,4823.13,1614360000000,4.45
2008,United States,-0.14,14712800000000,4.46,656756000000.00,7488.08,14718100000000,0.17
2008,United Kingdom,-0.24,2938880000000,2.50,72915407670.00,3361.98,2910740000000,-0.70
2008,Brazil,5.09,1695860000000,1.44,24452903036.00,1294.48,1654270000000,4.75
2008,India,3.09,1198900000000,2.63,33002376727.00,501.56,1191740000000,2.90
2008,Mexico,1.14,1109990000000,0.39,4334654124.00,1621.26,1094330000000,1.43
2008,South Africa,3.19,316132000000,1.15,3285925081.00,2950.15,307190000000,3.37
2008,China,9.65,4594310000000,1.71,78840802820.00,1672.90,4622870000000,10.07
2008,World,2.00,64071500000000,2.39,1509720000000.00,1829.63,63692800000000,1.80
2009,Germany,-5.69,3411260000000,1.31,44528927836.00,3790.50,3488180000000,-4.46
2009,France,-2.87,2700890000000,2.10,56441455398.00,3913.46,2763000000000,-2.74
2009,Italy,-5.28,2199930000000,1.55,34054481324.00,2869.92,2198540000000,-4.48
2009,Japan,-5.69,5289490000000,0.98,51465158208.00,3678.51,5422440000000,-5.82
2009,Canada,-2.93,1374630000000,1.38,18936226052.00,7797.12,1350960000000,-3.13
2009,Russian Federation,-7.80,1222640000000,3.92,51532116798.00,4531.29,1182900000000,-7.92
2009,United States,-2.54,14448900000000,4.89,705917000000.00,7056.78,14426300000000,-2.47
2009,United Kingdom,-4.25,2425800000000,2.65,64010506670.00,3145.59,2406920000000,-4.09
2009,Brazil,-0.13,1667000000000,1.54,25648809911.00,1240.18,1630110000000,0.05
2009,India,7.86,1341890000000,3.13,38722154392.00,544.63,1333880000000,7.86
2009,Mexico,-5.29,900045000000,0.50,4514233914.00,1599.52,884929000000,-5.55
2009,South Africa,-1.54,329753000000,1.21,3592687702.00,2852.10,323126000000,-0.75
2009,China,9.40,5101700000000,1.89,96601666753.00,1778.43,5093170000000,8.56
2009,World,-1.31,60781000000000,2.62,1564270000000.00,1796.22,60507700000000,-1.33
2010,Germany,4.18,3399670000000,1.27,43025915012.00,3997.08,3467860000000,3.91
2010,France,1.95,2645190000000,1.97,52044060565.00,4016.85,2706420000000,1.96
2010,Italy,1.71,2136100000000,1.50,32020819951.00,2930.59,2131570000000,1.56
2010,Japan,4.10,5759070000000,0.96,54655450735.00,3893.27,5912480000000,4.23
2010,Canada,3.09,1617340000000,1.19,19315688825.00,7788.56,1585380000000,2.79
2010,Russian Federation,4.50,1524920000000,3.59,58720227609.00,4819.04,1477810000000,4.48
2010,United States,2.56,14992100000000,4.92,738005000000.00,7161.43,15172100000000,2.89
2010,United Kingdom,2.13,2491110000000,2.58,63979111970.00,3230.62,2492140000000,2.96
2010,Brazil,7.53,2208840000000,1.54,34002944470.00,1358.50,2140610000000,6.57
2010,India,8.50,1675620000000,2.89,46090445657.00,561.65,1657660000000,7.96
2010,Mexico,5.12,1057800000000,0.45,4789031339.00,1531.76,1045220000000,5.66
2010,South Africa,3.04,417365000000,1.12,4188168092.00,2768.09,409234000000,3.08
2010,China,10.64,6087160000000,1.74,105523000000.00,1954.72,6061090000000,10.34
2010,World,4.49,66500500000000,2.52,1648400000000.00,1874.66,66362300000000,4.39
2011,Germany,3.93,3749310000000,1.21,45163212878.00,3869.82,3845330000000,4.46
2011,France,2.19,2865160000000,1.89,54120871010.00,3847.07,2941330000000,2.51
2011,Italy,0.71,2294990000000,1.48,33828804971.00,2828.40,2289190000000,0.67
2011,Japan,0.02,6233150000000,0.99,60762213841.00,3610.81,6414400000000,0.23
2011,Canada,3.15,1793330000000,1.19,21393720864.00,7911.55,1759450000000,3.22
2011,Russian Federation,4.30,2045930000000,3.43,70237523951.00,5049.43,1985530000000,4.27
2011,United States,1.55,15542600000000,4.84,752288000000.00,7029.95,15850000000000,1.70
2011,United Kingdom,1.46,2674890000000,2.50,66569552573.00,2972.15,2684170000000,1.76
2011,Brazil,3.97,2616160000000,1.41,36936209896.00,1367.19,2548930000000,4.50
2011,India,5.24,1823050000000,2.70,49633815794.00,577.99,1807020000000,5.45
2011,Mexico,3.66,1180490000000,0.47,5498458542.00,1587.07,1161740000000,3.23
2011,South Africa,3.17,458202000000,1.10,4594154078.00,2716.68,447482000000,2.75
2011,China,9.55,7551500000000,1.67,125286000000.00,2085.08,7481120000000,9.00
2011,World,3.34,73671500000000,2.41,1750480000000.00,1881.48,73593600000000,3.26
2012,Germany,0.42,3527140000000,1.24,43798225349.00,3876.95,3611770000000,0.26
2012,France,0.31,2683670000000,1.87,50216507403.00,3836.66,2742350000000,-0.14
2012,Italy,-2.98,2086960000000,1.43,29781008205.00,2709.30,2084410000000,-2.86
2012,Japan,1.37,6272360000000,0.97,60011530195.00,3537.36,6445540000000,1.23
2012,Canada,1.76,1828370000000,1.12,20452107111.00,7733.41,1795920000000,1.89
2012,Russian Federation,4.02,2208300000000,3.69,81469399931.00,5167.01,2140630000000,3.89
2012,United States,2.25,16197000000000,4.48,725205000000.00,6872.03,16675600000000,2.16
2012,United Kingdom,1.47,2719160000000,2.42,65452487554.00,3042.86,2691110000000,0.10
2012,Brazil,1.92,2465230000000,1.38,33987005074.00,1413.73,2403720000000,2.00
2012,India,5.46,1827640000000,2.62,47216920048.00,599.16,1806180000000,5.14
2012,Mexico,3.64,1201090000000,0.48,5717035575.00,1634.70,1177890000000,3.30
2012,South Africa,2.40,434401000000,1.13,4489590096.00,2636.68,423517000000,2.26
2012,China,7.86,8532230000000,1.69,145128000000.00,2149.60,8512410000000,8.63
2012,World,2.67,75311600000000,2.37,1757750000000.00,1891.70,75457300000000,2.65
2013,Germany,0.44,3733800000000,1.19,44242647303.00,3939.53,3820260000000,0.36
2013,France,0.58,2811880000000,1.85,52001462448.00,3833.53,2874860000000,0.64
2013,Italy,-1.84,2141920000000,1.40,29957445905.00,2579.47,2138210000000,-1.89
2013,Japan,2.01,5212330000000,0.95,49023932407.00,3567.63,5391610000000,2.66
2013,Canada,2.33,1846600000000,1.00,18515731210.00,7743.73,1818470000000,2.59
2013,Russian Federation,1.76,2292470000000,3.85,88352896464.00,5078.63,2212870000000,1.34
2013,United States,1.84,16784800000000,4.05,679229000000.00,6905.60,17188300000000,1.78
2013,United Kingdom,1.89,2803290000000,2.29,63837724855.00,2987.70,2746460000000,0.87
2013,Brazil,3.00,2472820000000,1.33,32874787231.00,1461.08,2438460000000,4.19
2013,India,6.39,1856720000000,2.55,47403528801.00,605.79,1833600000000,6.31
2013,Mexico,1.35,1274440000000,0.51,6473144378.00,1616.61,1237370000000,0.37
2013,South Africa,2.49,400886000000,1.12,4118208483.00,2602.85,391195000000,2.59
2013,China,7.77,9570410000000,1.70,164070000000.00,2204.24,9492580000000,7.14
2013,World,2.84,77443200000000,2.30,1755590000000.00,1894.11,77447500000000,2.71
2014,Germany,2.21,3889090000000,1.15,44662831168.00,3779.46,3967010000000,1.91
2014,France,0.96,2855960000000,1.86,53134750899.00,3659.09,2917860000000,0.89
2014,Italy,0.00,2162010000000,1.28,27701034335.00,2414.48,2162200000000,0.18
2014,Japan,0.30,4896990000000,0.97,46903466613.00,3470.76,5079020000000,0.56
2014,Canada,2.87,1805750000000,0.99,17853640478.00,7897.86,1776570000000,2.78
2014,Russian Federation,0.74,2059240000000,4.11,84696504653.00,4942.88,1991280000000,0.97
2014,United States,2.53,17527200000000,3.70,647789000000.00,6960.68,18043100000000,2.50
2014,United Kingdom,2.99,3087170000000,2.18,66995468654.00,2777.31,3023240000000,2.93
2014,Brazil,0.50,2456040000000,1.33,32660239369.00,1495.54,2410280000000,0.02
2014,India,7.41,2039130000000,2.54,50914096277.00,636.57,2015020000000,7.49
2014,Mexico,2.85,1315350000000,0.51,6758693845.00,1561.87,1283060000000,3.32
2014,South Africa,1.41,381199000000,1.11,3892485091.00,2695.51,371745000000,1.36
2014,China,7.43,10475700000000,1.73,182109000000.00,2224.35,10489000000000,8.44
2014,World,3.12,79575500000000,2.25,1754190000000.00,1919.99,79794000000000,3.25
2015,Germany,1.49,3357590000000,1.14,38170021071.00,3817.55,3434100000000,1.78
2015,France,1.11,2439190000000,1.87,45647471641.00,3692.02,2491860000000,1.13
2015,Italy,0.78,1836640000000,1.21,22180845070.00,2481.75,1823940000000,0.07
2015,Japan,1.56,4444930000000,0.96,42106103306.00,3428.56,4619770000000,1.83
2015,Canada,0.66,1556510000000,1.15,17937641895.00,7631.34,1532660000000,0.78
2015,Russian Federation,-1.97,1363480000000,4.87,66421822180.00,,1325730000000,-1.21
2015,United States,3.08,18238300000000,3.48,633830000000.00,6804.00,18660900000000,2.95
2015,United Kingdom,2.62,2956570000000,2.05,59990205719.00,2764.52,2886070000000,2.28
2015,Brazil,-3.55,1802210000000,1.37,24617701683.00,,1768300000000,-3.56
2015,India,8.00,2103590000000,2.46,51295483754.00,,2079180000000,8.02
2015,Mexico,3.29,1171870000000,0.47,5468837812.00,1537.26,1141600000000,3.20
2015,South Africa,1.32,346710000000,1.10,3488867948.00,,338767000000,1.50
2015,China,7.04,11061600000000,1.75,196539000000.00,,11008800000000,6.40
2015,World,3.17,75117100000000,2.26,1652930000000.00,,75237300000000,3.09
2016,Germany,2.23,3469850000000,1.15,39855047309.00,,3555930000000,2.45
2016,France,1.10,2472960000000,1.92,47370589553.00,,2525280000000,1.06
2016,Italy,1.29,1877070000000,1.33,25033027895.00,,1882460000000,2.29
2016,Japan,0.75,5003680000000,0.94,46471287714.00,,5177790000000,0.34
2016,Canada,1.00,1527990000000,1.16,17782775543.00,,1509330000000,1.32
2016,Russian Federation,0.19,1276790000000,5.43,69245294553.00,,1241290000000,0.29
2016,United States,1.71,18745100000000,3.42,639856000000.00,,19020500000000,1.74
2016,United Kingdom,2.26,2722850000000,1.98,53327327634.00,,2654620000000,2.14
2016,Brazil,-3.28,1795690000000,1.35,24224746901.00,,1757600000000,-3.52
2016,India,8.26,2294800000000,2.54,56637622641.00,,2247940000000,7.30
2016,Mexico,2.63,1078490000000,0.50,5336875740.00,,1049580000000,2.53
2016,South Africa,0.66,323586000000,1.07,3139312128.00,,315294000000,0.38
2016,China,6.85,11233300000000,1.77,198538000000.00,,11177600000000,6.83
2016,World,2.83,76313200000000,2.22,1649140000000.00,,76290500000000,2.78
2017,Germany,2.68,3690850000000,1.15,42210258091.00,,3778790000000,2.57
2017,France,2.29,2595150000000,1.91,49195662250.00,,2653810000000,2.43
2017,Italy,1.67,1961800000000,1.36,26447892915.00,,1972730000000,1.94
2017,Japan,1.68,4930840000000,0.93,45387031802.00,,5113250000000,1.87
2017,Canada,3.04,1649270000000,1.35,22269696323.00,,1628290000000,2.97
2017,Russian Federation,1.83,1574200000000,4.25,66913033537.00,,1532150000000,1.87
2017,United States,2.33,19543000000000,3.31,646753000000.00,,19893100000000,2.61
2017,United Kingdom,2.13,2699020000000,1.95,51633539217.00,,2664010000000,3.41
2017,Brazil,1.32,2063510000000,1.41,29261833097.00,,2024940000000,1.59
2017,India,6.80,2651470000000,2.53,64559435281.00,,2622800000000,7.82
2017,Mexico,2.11,1158910000000,0.44,5062076646.00,,1128820000000,2.17
2017,South Africa,1.16,381449000000,1.03,3591507613.00,,370873000000,0.91
2017,China,6.95,12310400000000,1.75,210443000000.00,,12294300000000,7.34
2017,World,3.39,81224600000000,2.17,1717980000000.00,,81326600000000,3.56
2018,Germany,1.09,3977290000000,1.17,46423020903.00,,4105200000000,1.90
2018,France,1.87,2790960000000,1.85,51409812839.00,,2855660000000,1.91
2018,Italy,0.93,2091930000000,1.36,28420098438.00,,2115040000000,1.48
2018,Japan,0.56,5036890000000,0.94,46617954864.00,,5228740000000,0.64
2018,Canada,2.78,1725330000000,1.32,22729327580.00,,1696000000000,2.33
2018,Russian Federation,2.81,1657330000000,3.69,61609204756.00,,1616940000000,2.94
2018,United States,3.00,20611900000000,3.32,682491000000.00,,20946800000000,2.92
2018,United Kingdom,1.65,2900790000000,1.95,55680228215.00,,2860060000000,1.54
2018,Brazil,1.78,1916930000000,1.49,28177406872.00,,1863630000000,0.83
2018,India,6.53,2701110000000,2.43,66257801718.00,,2672180000000,6.55
2018,Mexico,2.19,1222410000000,0.48,5839521271.00,,1189350000000,2.06
2018,South Africa,1.49,404842000000,0.98,3622918743.00,,393553000000,1.49
2018,China,6.75,13894800000000,1.74,232531000000.00,,13833800000000,6.42
2018,World,3.27,86274300000000,2.15,1801950000000.00,,86250600000000,3.14
2019,Germany,1.06,3888330000000,1.27,49007512315.00,,4014390000000,1.09
2019,France,1.84,2728870000000,1.85,50118929212.00,,2787420000000,1.68
2019,Italy,0.41,2009380000000,1.32,26380673981.00,,2026750000000,0.17
2019,Japan,0.27,5148780000000,0.94,47609019987.00,,5347810000000,0.33
2019,Canada,1.88,1742020000000,1.28,22204408440.00,,1719640000000,2.32
2019,Russian Federation,2.03,1687450000000,3.83,65201335848.00,,1633930000000,1.26
2019,United States,2.16,21433200000000,3.43,734344000000.00,,21708700000000,1.98
2019,United Kingdom,1.67,2878670000000,2.01,56856133066.00,,2862010000000,2.52
2019,Brazil,1.41,1877820000000,1.41,25906871197.00,,1827530000000,1.52
2019,India,4.04,2870500000000,2.52,71468900524.00,,2843270000000,4.16
2019,Mexico,-0.18,1269430000000,0.52,6650808254.00,,1232520000000,-0.41
2019,South Africa,0.11,387935000000,0.98,3435736037.00,,378251000000,0.39
2019,China,5.95,14279900000000,1.73,240333000000.00,,14239900000000,6.12
2019,World,2.60,87568100000000,2.19,1859930000000.00,,87532700000000,2.67
2020,Germany,-4.57,3846410000000,1.40,52764761199.00,,3953470000000,-4.97
2020,France,-7.86,2630320000000,2.07,52747064858.00,,2671810000000,-8.36
2020,Italy,-8.94,1888710000000,1.57,28921342756.00,,1911920000000,-8.60
2020,Japan,-4.59,5057760000000,1.00,49148557003.00,,,
2020,Canada,-5.23,1645420000000,1.42,22754847129.00,,1627050000000,-5.06
2020,Russian Federation,-2.95,1483500000000,4.26,61712537169.00,,1448700000000,-2.00
2020,United States,-3.40,20953000000000,3.74,778232000000.00,,21286600000000,-3.58
2020,United Kingdom,-9.40,2759800000000,2.25,59238462250.00,,2723170000000,-10.23
2020,Brazil,-4.06,1444730000000,1.44,19736347759.00,,1417070000000,-3.33
2020,India,-7.25,2660250000000,2.88,72887446604.00,,2635410000000,-7.25
2020,Mexico,-8.31,1073920000000,0.57,6116376582.00,,1037040000000,-8.79
2020,South Africa,-6.43,335442000000,1.07,3150828880.00,,329819000000,-5.67
2020,China,2.35,14722700000000,1.75,252304000000.00,,14618300000000,1.91
2020,World,-3.29,84747000000000,2.36,1928850000000.00,,84747300000000,-3.36
2021,Germany,,,,,,,
2021,France,,,,,,,
2021,Italy,,,,,,,
2021,Japan,,,,,,,
2021,Canada,,,,,,,
2021,Russian Federation,,,,,,,
2021,United States,,,,,,,
2021,United Kingdom,,,,,,,
2021,Brazil,,,,,,,
2021,India,,,,,,,
2021,Mexico,,,,,,,
2021,South Africa,,,,,,,
2021,China,,,,,,,
2021,World,,,,,,,
