year,country_name,gdp_growth,gdp_usd,military_spendings_growth,military_spendings_usd,energy_use,gni_growth,gni_usd,national_income_growth,national_income_usd
1960,Germany,,,3.77,2715197279.73,1952.59,,,,
1960,France,,62225478000.88,5.43,3260127992.21,1699.25,,62588196442.49,,
1960,Italy,,40385288344.19,2.71,1009308856.43,794.82,,40495892097.07,,
1960,Japan,,44307342950.40,1.08,480555555.56,867.20,,44096113140.62,,
1960,Canada,,40461721692.65,4.19,1702442711.41,4251.44,,,,
1960,Russian Federation,,,,,,,,,
1960,United States,,543300000000.00,8.99,47346552670.21,5641.74,,546400000000.00,,
1960,United Kingdom,,73233967692.10,7.09,5129857089.89,3033.05,,,,
1960,Brazil,,17030465539.39,2.68,382729752.05,,,,,
1960,India,,37029883875.46,2.00,681765681.77,,,36878683724.26,,
1960,Mexico,,13040000000.00,0.67,84000000.00,,,12666168000.00,,
1960,South Africa,,7575396973.02,0.95,69999972.00,,,7244997105.04,,
1960,China,,59716467625.31,,,,,59716467625.31,,
1960,World,,1390297773982.95,6.34,,,,1371147204316.22,,
1961,Germany,,,3.74,3074753151.24,1994.32,,,,
1961,France,4.98,67461644222.04,5.30,3469940419.47,1745.20,,67823034024.66,,
1961,Italy,8.21,44842760293.19,2.57,1062907313.20,890.69,,44941821181.68,,
1961,Japan,12.04,53508617739.38,0.92,492361111.11,972.00,,53216886419.91,,
1961,Canada,3.16,40934952063.95,4.13,1677820881.08,4307.82,,,,
1961,Russian Federation,,,,,,,,,
1961,United States,2.30,563300000000.00,9.16,49879770605.06,5612.08,,566800000000.00,,
1961,United Kingdom,2.68,77741965703.35,6.92,5308314126.28,3006.75,,,,
1961,Brazil,8.60,17275940449.38,2.36,342339720.82,,,,,
1961,India,3.72,39232435784.09,2.07,748388248.39,,3.61,39026635578.29,,
1961,Mexico,5.00,14160000000.00,0.65,86400000.00,,5.13,13775344000.00,,
1961,South Africa,3.84,7972996814.15,1.47,113749954.50,,3.56,7600596962.95,,
1961,China,-27.27,50056868957.67,,,,,50056868957.67,,
1961,World,3.80,1446418444335.74,6.31,,,,1435668564136.25,,
1962,Germany,,,4.50,4055355090.26,2124.85,,,,
1962,France,6.84,75607529809.93,5.16,3774280041.37,1861.04,,76152271791.83,,
1962,Italy,6.20,50383891898.99,2.63,1222013656.11,1007.05,,50471132481.63,,
1962,Japan,8.91,60723018683.73,0.88,538194444.44,1013.26,,60366887321.60,,
1962,Canada,7.43,42227447631.92,4.00,1671313753.19,4451.56,,,,
1962,Russian Federation,,,,,,,,,
1962,United States,6.10,605100000000.00,9.33,54650942605.08,5774.59,,609200000000.00,,
1962,United Kingdom,1.10,81247564156.82,6.94,5597132750.96,3087.34,,,,
1962,Brazil,6.60,19231747851.53,2.40,387449035.55,,,,,
1962,India,2.93,42161481858.70,2.75,1065436065.44,,2.92,41934681631.90,,
1962,Mexico,4.66,15200000000.00,0.69,99200000.00,,4.83,14814304000.00,,
1962,South Africa,6.18,8497996604.37,2.25,186199925.52,,6.96,8174596733.59,,
1962,China,-5.58,47209359005.61,,,,,47209359005.61,,
1962,World,5.32,1548223014126.97,6.35,,,,1539930971393.71,,
1963,Germany,,,4.90,4688620297.63,2281.29,,,,
1963,France,6.23,84759195105.87,4.74,3887455989.50,1983.47,,85419528679.05,,
1963,Italy,5.61,57710743059.83,2.75,1463283723.58,1119.72,,57801822228.11,,
1963,Japan,8.47,69498131797.33,0.90,629861111.11,1147.29,,69060415396.98,,
1963,Canada,5.35,45029988561.21,3.62,1610091700.59,4694.12,,,,
1963,Russian Federation,,,,,,,,,
1963,United States,4.40,638600000000.00,8.83,54561215775.42,5986.78,,643100000000.00,,
1963,United Kingdom,4.87,86561961812.32,6.80,5810811570.85,3196.83,,,,
1963,Brazil,0.60,23287712878.20,2.26,441999606.22,,,,,
1963,India,5.99,48421923458.74,4.03,1795449295.45,,6.04,48186723223.54,,
1963,Mexico,8.11,16960000000.00,0.72,112000000.00,,8.07,16530280000.00,,
1963,South Africa,7.37,9423396234.60,2.06,188999924.40,,7.71,9099996363.82,,
1963,China,10.30,50706799902.51,,,,,50706799902.51,,
1963,World,5.19,1669094093589.47,6.01,,,,1654580423178.29,,
1964,Germany,,,4.38,4601309875.48,2341.15,,,,
1964,France,6.65,94007851047.37,4.54,4130961167.72,2085.16,,94702729234.04,,
1964,Italy,2.80,63175417019.01,2.73,1586666707.97,1221.73,,63310021307.06,,
1964,Japan,11.68,81749006381.51,0.88,718055555.56,1272.48,,81163510670.22,,
1964,Canada,6.64,49377522896.70,3.40,1657457282.98,4903.61,,,,
1964,Russian Federation,,,,,,,,,
1964,United States,5.80,685800000000.00,8.05,53432327058.17,6136.94,,690700000000.00,,
1964,United Kingdom,5.53,94407558351.16,6.60,6159898580.63,3212.53,,,,
1964,Brazil,3.40,20963733694.97,2.01,354227857.07,,,,,
1964,India,7.45,56480289940.83,3.82,1986654486.65,,7.40,56175789636.33,,
1964,Mexico,11.91,20080000000.00,0.68,120000000.00,,11.45,19477944000.00,,
1964,South Africa,7.94,10373995854.76,2.70,271599891.36,,7.81,9998796004.68,,
1964,China,18.18,59708343488.50,,,,,59708343488.50,,
1964,World,6.57,1827513817035.52,5.52,,,,1823674122936.38,,
1965,Germany,,,4.09,4686319021.35,2378.34,,,,
1965,France,4.86,101537248148.43,4.40,4304458188.70,2109.85,,102253384558.78,,
1965,Italy,3.27,67978153850.52,2.75,1719942314.72,1316.46,,68239418775.02,,
1965,Japan,5.82,90950278257.78,0.90,821388888.89,1374.53,,90333954412.09,,
1965,Canada,6.32,54515179580.71,2.93,1574704539.97,5153.93,,,,
1965,Russian Federation,,,,,,,,,
1965,United States,6.40,743700000000.00,7.59,54561791263.23,6307.89,,749000000000.00,,
1965,United Kingdom,2.14,101824755078.99,6.44,6475329219.51,3329.41,,,,
1965,Brazil,2.40,22465522884.10,3.35,632869026.54,,,,,
1965,India,-2.64,59554854574.79,3.87,2125989625.99,,-2.69,59210461462.66,,
1965,Mexico,7.10,21840000000.00,0.59,119200000.00,,6.53,21234640000.00,,
1965,South Africa,6.12,11334395471.00,2.63,289449884.22,,6.11,10918595637.15,,
1965,China,16.95,70436266146.72,,,,,70436266146.72,,
1965,World,5.56,1990866749111.93,5.31,,,,1990169236104.69,,
1966,Germany,,,3.91,4766403435.98,2387.68,,,,
1966,France,5.25,110045852177.93,4.29,4548130770.45,2122.92,,110738073086.64,,
1966,Italy,5.98,73654870011.28,2.99,1904604598.71,1431.07,,74005443913.32,,
1966,Japan,10.64,105628070343.11,0.88,932430555.56,1491.03,,104942627862.76,,
1966,Canada,6.70,61088384036.65,2.68,1614422827.02,5272.66,,,,
1966,Russian Federation,,,,,,,,,
1966,United States,6.50,815000000000.00,8.44,66442751527.32,6591.34,,820100000000.00,,
1966,United Kingdom,1.57,108572752102.05,6.25,6692138864.60,3306.78,,,,
1966,Brazil,6.70,28283323733.11,3.02,718216574.56,,,25823978009.92,,
1966,India,-0.06,45865462033.91,3.57,1661154906.41,,-0.19,45536890605.34,,
1966,Mexico,6.10,24320000000.00,0.58,130400000.00,,5.69,23566704000.00,,
1966,South Africa,4.44,12354995063.19,2.70,324449870.22,,4.55,11920995236.61,,
1966,China,10.65,76720285969.62,,,,,76720285969.62,,
1966,World,5.72,2160633278615.57,5.66,,,,2152904296367.43,,
1967,Germany,,,4.08,5037954037.29,2388.41,,,,
1967,France,4.92,118972977486.21,4.30,4918985395.88,2248.08,,119728973065.97,,
1967,Italy,7.18,81133120065.42,2.77,1928786564.47,1551.52,,81443074752.18,,
1967,Japan,11.08,123781880217.60,0.84,1039027777.78,1735.12,,123005013560.89,,
1967,Canada,3.09,65668655501.13,2.75,1775500366.18,5557.29,,,,
1967,Russian Federation,,,,,,,,,
1967,United States,2.50,861700000000.00,9.42,78398442240.52,6809.82,,867100000000.00,,
1967,United Kingdom,2.79,113116888210.79,6.24,6933197077.38,3345.55,,,,
1967,Brazil,4.20,31086389194.96,2.86,746139163.63,,,29559163247.67,,
1967,India,7.83,50134942203.45,3.22,1487733333.33,,7.88,49790942203.45,,
1967,Mexico,5.85,26560000000.00,0.55,133600000.00,,7.96,26201208000.00,,
1967,South Africa,7.20,13777394494.83,2.79,373099850.76,,7.43,13327994674.40,,
1967,China,-5.77,72881631326.67,,,,,72881631326.67,,
1967,World,4.16,2298979948006.62,6.11,,,,2294157470376.52,,
1968,Germany,,,3.41,4544109352.21,2561.52,,,,
1968,France,4.49,129785441507.46,4.14,5148997849.39,2359.88,,130424516856.95,,
1968,Italy,6.54,87942231678.35,2.65,1991165044.33,1698.43,,88326648581.68,,
1968,Japan,12.88,146601072685.51,0.79,1168194444.44,1939.42,,145604342943.29,,
1968,Canada,5.00,71829810519.90,2.54,1797265817.15,5871.52,,,,
1968,Russian Federation,,,,,,,,,
1968,United States,4.80,942500000000.00,9.27,84329031218.25,7073.48,,948600000000.00,,
1968,United Kingdom,5.44,107759910067.89,5.94,6220499923.08,3406.14,,,,
1968,Brazil,9.80,33930457425.26,2.65,755307566.68,,,33065704447.87,,
1968,India,3.39,53085455870.82,3.25,1586866666.67,,3.41,52745455870.82,,
1968,Mexico,9.42,29360000000.00,0.55,148800000.00,,9.33,28939512000.00,,
1968,South Africa,4.15,14894594048.42,2.76,399699840.12,,3.95,14377994254.84,,
1968,China,-4.10,70846535055.65,,,,,70846535055.65,,
1968,World,5.95,2481354510516.72,6.00,,,,2496043973410.77,,
1969,Germany,,,3.40,5150518690.86,2772.01,,,,
1969,France,7.11,141903068680.31,3.68,4964005293.98,2536.67,,142381694448.16,,
1969,Italy,6.10,97085082807.38,2.42,2003805617.34,1832.50,,97575749223.21,,
1969,Japan,12.48,172204199480.89,0.77,1335416666.67,2214.06,,171075803545.60,,
1969,Canada,5.05,79148411661.69,2.27,1770108751.17,6091.10,,,,
1969,Russian Federation,,,,,,,,,
1969,United States,3.10,1019900000000.00,8.63,84990165430.77,7332.37,,1026000000000.00,,
1969,United Kingdom,1.92,116464702803.22,5.50,6199702306.86,3557.13,,,,
1969,Brazil,9.50,37171640818.59,2.62,816622811.00,,,36783720975.77,,
1969,India,6.54,58447995016.85,3.14,1691433333.33,,6.57,58086661683.52,,
1969,Mexico,3.42,32480000000.00,0.60,180000000.00,,3.32,31985424000.00,,
1969,South Africa,4.72,16780393294.89,2.61,425599829.76,,4.57,16181193534.32,,
1969,China,16.94,79705906247.46,,,,,79705906247.46,,
1969,World,5.83,2736896297380.92,5.58,,,,2755433573036.80,,
1970,Germany,,215838448137.66,3.01,5805254072.21,3860.86,,216937427456.85,,1.8749E+11
1970,France,6.11,148456359985.83,3.46,4941059320.50,2951.48,,149052793197.12,,1.30938E+11
1970,Italy,5.27,113395315985.13,2.06,2216771793.08,2026.22,,114365120817.84,,1.01574E+11
1970,Japan,2.51,212609187919.44,0.77,1575347222.22,2480.75,,212376104144.44,,1.7451E+11
1970,Canada,,87896095320.13,2.19,1889157917.91,6476.39,,86905583309.41,,73406920842
1970,Russian Federation,,,,,,,,,
1970,United States,-0.35,1073303000000.00,8.03,83407993004.89,7569.08,,1074359000000.00,,9.33339E+11
1970,United Kingdom,6.32,130671946244.30,5.20,6792098923.78,3684.95,,141662522198.22,,1.25424E+11
1970,Brazil,10.40,42327664793.69,2.89,1026234373.82,,,41728566935.83,,38799440793
1970,India,5.16,62422483054.52,3.19,1832966666.67,,5.18,62043816387.85,,57839603345
1970,Mexico,6.50,35520000000.00,0.50,176800000.00,,6.28,34897440000.00,,31766288641
1970,South Africa,5.25,18418392640.38,2.33,417899832.84,,5.25,17754792905.54,,
1970,China,19.30,92602973434.07,,,,,92602973434.07,,84669408025
1970,World,3.92,2992438432818.81,4.97,,,,3004232267035.96,,2.55712E+12
1971,Germany,3.13,249985055484.30,3.06,6829977561.04,3895.26,3.06,250910911169.35,3.20,2.15949E+11
1971,France,5.32,165966615366.40,3.32,5291990761.22,3027.82,,166781105718.01,5.24,1.46079E+11
1971,Italy,1.82,124672365792.76,2.24,2648079366.02,1949.15,1.85,125758345817.73,2.12,1.11808E+11
1971,Japan,4.70,240151807460.24,0.82,1896540415.99,2531.09,4.77,240076249154.14,5.65,1.96445E+11
1971,Canada,,99271961774.61,2.13,2077659711.43,6436.23,,98159003763.12,4.88,83214311717
1971,Russian Federation,,,,,,,,,
1971,United States,3.29,1164850000000.00,6.94,78237979893.08,7644.52,3.35,1162926000000.00,2.66,1.00954E+12
1971,United Kingdom,3.50,148113896325.14,5.08,7518385128.20,3733.28,3.43,159914149428.09,1.64,1.40857E+11
1971,Brazil,11.34,48869830901.79,2.62,1075071452.92,715.84,11.74,48684157318.57,11.87,45244303462
1971,India,1.64,67350988020.90,3.65,2255256982.84,267.35,1.67,66959943084.33,1.41,62325777359
1971,Mexico,3.76,39200000000.00,0.49,191200000.00,809.64,3.71,38495400000.00,4.07,35149262001
1971,South Africa,4.28,20333691315.96,2.46,485866527.22,2004.34,4.65,19677946199.61,,17069819566
1971,China,7.06,99800958648.14,,,464.93,,99800958648.14,,91884402364
1971,World,4.29,3305488181723.13,4.49,,1337.61,,3316130226200.62,,2.82047E+12
1972,Germany,4.30,299801542047.48,3.17,8478070553.99,4017.34,4.21,300633615285.53,4.30,2.58298E+11
1972,France,4.51,203494148244.47,3.23,6326060061.39,3170.75,4.42,204302990897.27,4.39,1.78425E+11
1972,Italy,3.69,145260039840.64,2.39,3289362465.02,2050.74,3.75,146590056440.90,3.93,1.30282E+11
1972,Japan,8.41,318031297492.35,0.84,2567519427.92,2667.05,8.56,318385211551.18,7.90,2.5943E+11
1972,Canada,,113082820486.92,2.01,2233737030.69,6863.44,,111973127588.65,6.56,95366927249
1972,Russian Federation,,,,,,,,,
1972,United States,5.26,1279110000000.00,6.52,80708070966.49,7941.00,5.28,1280507000000.00,5.55,1.11397E+12
1972,United Kingdom,4.32,169965034965.04,5.17,8789192636.74,3747.96,4.21,183406316183.82,3.70,1.60885E+11
1972,Brazil,11.94,58434858374.87,2.44,1195501487.56,749.01,12.23,58075347258.61,12.67,53813384466
1972,India,-0.55,71463193830.41,3.72,2497244705.69,267.31,-0.53,71072538512.58,1.46,66108153385
1972,Mexico,8.23,45200000000.00,0.54,242400000.00,869.19,8.22,44387480000.00,8.72,40464207048
1972,South Africa,1.65,21357435928.34,2.37,492386546.20,1984.18,1.50,20654974276.42,4.79,17801037656
1972,China,3.81,113687586299.05,,,477.17,,113687586299.05,,1.03091E+11
1972,World,5.63,3811564536740.61,4.22,,1372.43,,3832567789157.53,5.53,3.25521E+12
1973,Germany,4.78,398374021953.90,3.16,11237904808.10,4240.06,4.81,399423448957.19,4.49,3.43452E+11
1973,France,6.34,264429876252.21,3.14,7976535301.99,3385.51,6.24,265235710076.61,6.23,2.31307E+11
1973,Italy,7.13,175492055795.42,2.20,3638240139.23,2175.59,6.88,176668963799.40,4.01,1.56492E+11
1973,Japan,8.03,432082670450.72,0.82,3374561100.03,2947.08,8.05,432614969398.43,7.08,3.53646E+11
1973,Canada,,131321858814.12,1.83,2363060955.12,7084.62,,129947894210.58,7.23,1.09702E+11
1973,Russian Federation,,,,,,,,,
1973,United States,5.65,1425376000000.00,5.89,81469794407.59,8163.60,5.87,1431848000000.00,5.50,1.24737E+12
1973,United Kingdom,6.52,192537971582.56,4.91,9446894124.04,3880.65,6.75,208161599706.03,4.07,1.81823E+11
1973,Brazil,13.97,83592275863.00,2.15,1512670977.09,801.68,13.59,78380807935.18,12.11,72178679240
1973,India,3.30,85515269585.52,3.16,2529921054.40,268.60,3.36,85101941339.31,3.85,79131354334
1973,Mexico,7.86,55280000000.00,0.54,300800000.00,933.09,8.16,54435528000.00,9.01,49668818327
1973,South Africa,4.57,29295674714.25,2.65,752926325.62,2056.77,4.47,28370548144.32,13.90,24609066516
1973,China,7.76,138544284708.96,,,483.72,,138544284708.96,,1.26006E+11
1973,World,6.42,4650050380519.27,3.77,,1418.52,,4673115594022.92,5.91,3.96177E+12
1974,Germany,0.89,445303484241.55,3.26,12965199626.67,4158.27,0.90,446478840601.62,-0.77,3.81255E+11
1974,France,4.30,285552373158.76,3.09,8361637313.23,3253.33,4.18,286106110201.86,0.57,2.47504E+11
1974,Italy,5.50,199564489431.38,2.07,3890003394.13,2212.21,4.96,199721830902.05,0.94,1.75067E+11
1974,Japan,-1.23,479625998613.41,0.86,3962157887.17,2924.25,-1.38,479242561557.09,-3.05,3.93538E+11
1974,Canada,,160408697341.51,1.78,2809465529.28,7090.00,,158580766871.17,2.81,1.31546E+11
1974,Russian Federation,,,,,,,,,
1974,United States,-0.54,1545243000000.00,5.95,89278920339.82,7909.59,-0.43,1553300000000.00,-4.25,1.3122E+12
1974,United Kingdom,-2.48,206131369798.97,5.07,10450754431.82,3734.84,-2.49,224891538101.92,-5.81,1.94522E+11
1974,Brazil,8.15,109794519727.54,1.94,1790114213.37,833.20,8.56,104325590448.44,5.03,95496328254
1974,India,1.19,99525899115.78,3.20,2895415720.35,272.71,1.32,99161036284.14,-4.24,91517366723
1974,Mexico,5.78,72000000000.00,0.57,407200000.00,964.95,5.51,70743688000.00,5.65,64188310281
1974,South Africa,6.11,36807721037.64,3.09,1102318400.77,2077.14,5.87,35558230627.37,5.34,30513686649
1974,China,2.31,144182133387.72,,,486.17,,144182133387.72,,1.2743E+11
1974,World,1.81,5359410722750.85,3.79,,1391.13,,5376925859146.20,-1.60,4.45685E+12
1975,Germany,-0.87,490636517211.23,3.28,14381443615.86,3984.97,-0.78,492617843230.78,-0.77,4.17532E+11
1975,France,-0.96,360832186018.05,3.20,10945218801.82,3058.74,-0.90,361759216766.10,-0.33,3.10968E+11
1975,Italy,-2.09,227695851126.93,1.98,4217069828.69,2106.08,-1.99,228223152431.79,-1.95,1.97128E+11
1975,Japan,3.09,521541905673.25,0.91,4534902135.20,2734.12,3.16,521531542740.18,4.06,4.31549E+11
1975,Canada,,173834029689.34,1.86,3180915490.19,7170.41,,171802537357.45,2.77,1.43857E+11
1975,Russian Federation,,,,,,,,,
1975,United States,-0.21,1684904000000.00,5.62,92080928753.65,7656.26,-0.43,1684554000000.00,-0.34,1.413E+12
1975,United Kingdom,-1.47,241756637168.14,5.34,12907674883.70,3545.82,-1.76,266674699115.04,1.14,2.29326E+11
1975,Brazil,5.17,129203555238.83,1.97,2141126693.28,849.57,4.58,122016649141.28,2.52,1.11394E+11
1975,India,9.15,98472796457.11,3.53,3323646800.52,275.91,9.23,98178114597.96,4.64,89230164963
1975,Mexico,5.74,88000000000.00,0.57,504800000.00,992.23,5.29,86091952000.00,3.42,77908299194
1975,South Africa,1.70,38114542813.10,3.87,1431695127.03,2142.13,1.28,36575681331.47,-5.68,30710641887
1975,China,8.72,163431551779.76,,,527.49,,163431551779.76,,1.41489E+11
1975,World,0.60,5970098794053.77,3.80,,1366.36,,5987980376060.42,0.50,4.95513E+12
1976,Germany,4.95,519754453161.41,3.14,14549820054.76,4314.58,5.04,522284947957.12,4.78,4.43544E+11
1976,France,4.36,372319038514.07,3.16,11175248198.02,3247.75,4.39,373385686970.77,3.86,3.20347E+11
1976,Italy,7.13,224717278436.85,1.83,3844185965.36,2264.06,7.04,225069397534.31,5.99,1.95196E+11
1976,Japan,3.97,586161858999.67,0.89,5008396503.82,2876.70,3.98,586222292005.63,4.88,4.87058E+11
1976,Canada,,206575564908.72,1.77,3581805735.15,7293.70,,203585192697.77,5.59,1.71188E+11
1976,Russian Federation,,,,,,,,,
1976,United States,5.39,1873412000000.00,5.19,94715251079.71,8100.56,5.52,1869603000000.00,4.97,1.57368E+12
1976,United Kingdom,2.91,232614555256.07,5.18,12038757739.32,3616.98,2.97,256621831087.15,1.43,2.19819E+11
1976,Brazil,10.26,153168949208.21,2.00,2576476981.67,870.86,10.04,150357935666.65,14.17,1.37101E+11
1976,India,1.66,102717164465.89,3.48,3294910612.35,280.45,1.69,102456488498.43,7.68,93243974422
1976,Mexico,4.42,89025974025.97,0.60,531576968.46,1033.44,4.00,86770084415.58,3.54,78147673533
1976,South Africa,2.25,36603349970.17,4.73,1677275419.32,2161.07,2.25,35101449971.39,-1.78,28804753004
1976,China,-1.57,153940455341.51,,,537.17,,153940455341.51,,1.29302E+11
1976,World,5.30,6490818872059.42,3.67,,1421.10,,6500041039335.27,4.89,5.36147E+12
1977,Germany,3.35,600498238019.04,3.04,16288883939.32,4336.09,3.26,602462989977.26,3.21,5.11881E+11
1977,France,3.46,410279486493.72,3.23,12634633832.55,3172.81,3.40,411210216635.46,2.73,3.5169E+11
1977,Italy,2.56,257596313364.06,1.89,4556493517.89,2204.18,2.67,258296787360.11,3.26,2.23715E+11
1977,Japan,4.39,721411786536.81,0.89,6157312576.81,2899.68,4.42,721805862455.78,4.84,6.00309E+11
1977,Canada,,211612157028.68,1.81,3752174526.31,7431.44,,207884725905.03,1.79,1.74392E+11
1977,Russian Federation,,,,,,,,,
1977,United States,4.62,2081826000000.00,5.16,104665218971.63,8285.57,4.70,2082670000000.00,4.05,1.75381E+12
1977,United Kingdom,2.46,263066457352.17,4.92,12952124605.68,3695.38,1.96,286191632653.06,0.64,2.43349E+11
1977,Brazil,4.93,176344101401.94,1.69,2499644658.36,878.91,4.76,173253413561.89,6.02,1.58646E+11
1977,India,7.25,121487322474.30,3.16,3477080944.50,281.95,7.28,121215205685.98,7.22,1.09719E+11
1977,Mexico,3.39,81814159292.04,0.53,437692985.84,1088.62,3.23,79585539823.01,0.72,71128931589
1977,South Africa,-0.09,40651349966.87,5.26,2073738018.43,2152.22,-0.26,38913699968.29,-0.70,31631185822
1977,China,7.57,174938098826.57,,,577.21,,174938098826.57,,1.47164E+11
1977,World,4.08,7341425175460.21,3.75,,1445.22,,7344291431305.61,3.50,6.03841E+12
1978,Germany,3.01,740469983446.93,3.05,20159786212.05,4483.88,3.32,745553903602.73,4.23,6.33755E+11
1978,France,3.98,506707848837.21,3.15,15852894822.59,3369.34,4.08,508321220930.23,4.81,4.33862E+11
1978,Italy,3.24,315058323066.39,1.88,5540992657.96,2247.57,3.27,316003465662.79,3.90,2.74652E+11
1978,Japan,5.27,1013612173518.84,0.89,8657135932.94,2897.96,5.35,1015018234693.98,6.49,8.51897E+11
1978,Canada,,218632867537.48,1.85,3969158477.04,7561.74,,213974919786.10,2.72,1.79698E+11
1978,Russian Federation,,,,,,,,,
1978,United States,5.54,2351599000000.00,4.94,113382063749.09,8438.40,5.47,2349856000000.00,5.12,1.98284E+12
1978,United Kingdom,4.20,335883029721.96,4.73,15897336095.54,3675.44,4.33,363945488015.34,4.93,3.09005E+11
1978,Brazil,4.97,200278646123.58,1.60,2690623101.76,913.32,4.29,196080790936.19,1.80,1.7921E+11
1978,India,5.71,137300295308.04,3.13,3975819129.87,279.38,5.80,137110195139.87,4.78,1.24225E+11
1978,Mexico,8.96,102500000000.00,0.50,518287192.60,1186.65,8.82,99570083333.33,7.66,88633058319
1978,South Africa,3.01,46739449961.91,4.56,2067988017.00,2218.84,3.04,44786749963.50,4.91,36402587951
1978,China,11.33,149540752829.27,,,617.15,,149540752829.27,,1.26183E+11
1978,World,4.11,8646230866561.90,3.57,,1476.55,,8648133558165.49,4.52,7.16093E+12
1979,Germany,4.15,881345176608.69,2.96,23323130253.41,4685.30,3.95,884770610393.77,2.59,7.50264E+11
1979,France,3.55,613953129818.07,3.14,19040482589.11,3495.90,3.67,616651248843.66,3.15,5.25453E+11
1979,Italy,5.96,393677161500.82,1.87,6904107162.83,2340.04,6.24,395900358890.70,6.25,3.4584E+11
1979,Japan,5.48,1055012119526.33,0.91,9173587660.86,3043.53,5.59,1057436616546.50,3.05,8.81692E+11
1979,Canada,,243072102612.26,1.71,4084145737.65,7862.21,,237297467987.02,-0.17,1.93715E+11
1979,Russian Federation,,,,,,,,,
1979,United States,3.17,2627333000000.00,4.95,126879927116.76,8327.04,3.46,2614202000000.00,-0.63,2.14531E+12
1979,United Kingdom,3.75,438994070309.19,4.68,20544684886.40,3858.98,3.55,470754495976.28,1.27,3.94449E+11
1979,Brazil,6.76,221338204480.22,1.52,2829161199.58,948.40,6.39,218945212519.06,7.17,1.9914E+11
1979,India,-5.24,152991653792.86,3.26,4589738351.59,285.54,-5.00,153181094632.84,-2.67,1.37832E+11
1979,Mexico,9.70,134561403508.77,0.51,679663588.45,1269.81,9.49,130466105263.16,6.84,1.13004E+11
1979,South Africa,3.79,57645721018.03,3.86,2160867339.73,2234.70,3.84,55306116361.86,3.05,43932061087
1979,China,7.59,178280594413.04,,,619.04,,178280594413.04,,1.43551E+11
1979,World,4.19,10042590469890.20,3.50,,1493.38,,10016387262674.00,1.76,8.12282E+12
1980,Germany,1.41,950290856466.54,2.96,25125769751.65,4562.30,1.45,954146081342.80,-0.79,8.04502E+11
1980,France,1.58,701288419745.42,3.16,22198183002.42,3476.52,1.87,706460726482.46,-0.29,5.97954E+11
1980,Italy,3.43,477256775943.93,1.76,7915696625.50,2318.43,3.51,480255724621.30,1.21,4.14163E+11
1980,Japan,2.82,1105385973763.87,0.91,9711741590.63,2949.50,2.70,1106180713837.12,0.17,9.19366E+11
1980,Canada,,273853826548.07,1.76,4744402251.07,7828.84,,267380993841.94,1.29,2.16779E+11
1980,Russian Federation,,,,,,,,,
1980,United States,-0.26,2857307000000.00,5.15,143688354872.68,7942.25,-0.28,2847055000000.00,-2.29,2.301E+12
1980,United Kingdom,-2.03,564947710899.37,5.02,28360159219.72,3523.65,-2.28,600547246107.37,-1.47,4.99099E+11
1980,Brazil,9.20,237393489892.64,1.14,2259307478.86,943.30,8.59,227299903221.93,5.26,2.0421E+11
1980,India,6.74,186325345089.75,3.13,5420809519.09,286.16,6.85,186762452326.73,8.92,1.69164E+11
1980,Mexico,9.23,205139086956.52,0.42,810422203.83,1403.67,8.88,198701734782.61,14.68,1.70466E+11
1980,South Africa,6.62,82980483387.95,3.30,2661671164.84,2289.56,6.45,79654998273.53,10.15,61673285911
1980,China,7.83,191149211575.00,,,609.46,,191149211575.00,,1.48682E+11
1980,World,1.81,11321396246860.50,3.52,366321473567.04,1454.89,,11261154606287.00,0.28,9.05349E+12
1981,Germany,0.53,800472055387.28,3.04,21738730858.15,4399.50,0.45,802340951103.42,-1.78,6.70683E+11
1981,France,1.07,615552202776.10,3.25,20047753849.35,3379.17,0.96,619460470730.24,-0.49,5.22146E+11
1981,Italy,0.84,430702851303.02,1.82,7387713297.79,2265.93,0.21,430141599386.82,-1.53,3.66313E+11
1981,Japan,4.21,1218988935129.81,0.92,10851176225.20,2864.05,4.06,1218199494141.09,3.38,1.0034E+12
1981,Canada,,306214863624.99,1.71,5141128191.44,7555.24,,296987238301.78,4.82,2.46128E+11
1981,Russian Federation,,,,,,,,,
1981,United States,2.54,3207041000000.00,5.65,176558875270.82,7647.54,2.37,3201886000000.00,4.13,2.6271E+12
1981,United Kingdom,-0.79,540765675241.16,4.98,26948261220.56,3415.38,-0.74,571291227893.89,-1.18,4.71539E+11
1981,Brazil,-4.25,258015174748.65,1.14,2517859757.17,883.88,-5.10,252659071917.96,-4.21,2.2754E+11
1981,India,6.01,193490610032.10,3.19,5879007035.84,293.74,5.79,193535405875.05,3.06,1.73467E+11
1981,Mexico,8.53,263959336734.69,0.51,1284948561.27,1463.21,7.62,253844553061.22,10.59,2.21409E+11
1981,South Africa,5.36,85454420500.03,3.64,3011979548.28,2451.92,5.41,81875255314.07,0.55,64162944999
1981,China,5.11,195866382432.54,,,597.15,,195783049099.21,,1.52562E+11
1981,World,1.93,11712447147704.30,3.80,404072708888.07,1414.45,,11652818987732.70,1.96,9.4208E+12
1982,Germany,-0.39,776576439106.96,3.03,21037571076.43,4257.86,-0.48,777697777061.34,-0.43,6.47532E+11
1982,France,2.51,584877732308.61,3.22,18918492343.80,3280.26,2.12,586300029943.11,1.85,4.92821E+11
1982,Italy,0.41,427272645669.29,2.01,8062597403.34,2206.54,0.32,426272648532.57,1.21,3.62306E+11
1982,Japan,3.31,1134518001884.56,0.93,10193936011.76,2839.87,3.54,1136197805736.14,3.12,9.35745E+11
1982,Canada,,313506525087.14,1.95,6017321456.07,7173.56,,303780497689.88,-2.17,2.51642E+11
1982,Russian Federation,,,,,,,,,
1982,United States,-1.80,3343789000000.00,6.81,221673542584.02,7259.08,-1.73,3371448000000.00,1.42,2.79536E+12
1982,United Kingdom,1.99,515048916841.37,5.38,27714188335.47,3397.12,1.90,542822372466.81,1.98,4.51192E+11
1982,Brazil,0.83,271314113768.42,1.30,3031328924.10,877.86,-0.21,267229261490.03,0.06,2.40226E+11
1982,India,3.48,200715145360.92,3.35,6302107956.21,298.08,3.13,200056669825.26,1.45,1.78297E+11
1982,Mexico,-0.52,184609157801.42,0.50,858130162.74,1495.76,-3.77,172347898936.17,-5.68,1.46889E+11
1982,South Africa,-0.38,78423059789.88,3.61,2744699858.17,2594.19,-0.27,75295457579.20,0.37,58245140316
1982,China,9.02,205089699858.78,,,606.83,,205361295278.63,,1.64142E+11
1982,World,0.42,11595933309689.10,4.33,,1383.90,0.27,11552622012317.00,0.89,9.40317E+12
1983,Germany,1.57,770684323247.80,3.03,20828212902.37,4268.05,1.81,774212274990.43,2.35,6.4513E+11
1983,France,1.24,559869179791.72,3.24,18188520274.96,3347.53,0.59,557554867028.14,1.13,4.68201E+11
1983,Italy,1.17,443042373788.88,2.02,8409527115.58,2203.86,1.26,442612624936.26,1.93,3.76623E+11
1983,Japan,3.52,1243323592058.83,0.95,11429317255.55,2822.74,3.62,1246296498235.67,2.74,1.02279E+12
1983,Canada,,340547711781.89,2.08,6947104071.66,7076.52,,331848425835.77,2.72,2.74851E+11
1983,Russian Federation,,,,,,,,,
1983,United States,4.58,3634038000000.00,6.32,223427165005.73,7199.12,4.51,3614168000000.00,2.89,2.98209E+12
1983,United Kingdom,4.22,489618008185.54,5.40,26423122398.89,3377.90,4.54,518163601637.11,4.03,4.3033E+11
1983,Brazil,-2.93,189656506321.43,1.25,2082669250.92,879.25,-3.89,191446471082.96,-0.70,1.71606E+11
1983,India,7.29,218262273410.10,3.32,6830768697.58,300.70,7.19,217346843963.14,8.51,1.94477E+11
1983,Mexico,-3.49,156159198584.51,0.52,778556797.18,1376.33,-2.35,147035900499.58,-11.29,1.17867E+11
1983,South Africa,-1.85,87415851375.53,3.60,3052688268.56,2569.61,-1.83,84058881623.56,2.05,65351463840
1983,China,10.77,230686747153.26,,,621.91,,231563322095.79,,1.90317E+11
1983,World,2.62,11823742466334.90,4.18,,1374.39,2.87,11767472748802.90,3.88,9.53412E+12
1984,Germany,2.82,725111123634.12,2.93,18943609976.00,4447.32,3.18,731281976496.46,2.86,6.09612E+11
1984,France,1.51,530683779929.45,3.19,16977866454.84,3448.50,1.29,527303159948.96,0.97,4.42804E+11
1984,Italy,3.23,437887689001.54,2.01,8296144788.10,2253.72,3.22,437383047167.73,3.07,3.72658E+11
1984,Japan,4.50,1318381627003.76,0.96,12225078098.03,3016.18,4.58,1322544601037.80,4.77,1.07917E+12
1984,Canada,,355372558103.62,2.12,7349795763.94,7368.74,,345679098139.14,5.30,2.86927E+11
1984,Russian Federation,,,,,,,,,
1984,United States,7.24,4037613000000.00,6.24,245149168288.54,7443.32,7.10,4032292000000.00,8.15,3.36707E+12
1984,United Kingdom,2.27,461487097632.35,5.51,25418839536.39,3370.52,2.38,488885270018.62,2.10,4.05689E+11
1984,Brazil,5.40,188339974086.58,1.20,2013151757.88,915.08,5.39,197144720543.59,8.93,1.76083E+11
1984,India,3.82,212158234164.06,3.42,6956682449.44,306.07,3.68,210960266670.71,2.86,1.8841E+11
1984,Mexico,3.41,184261495828.37,0.66,1155945372.64,1406.28,3.94,174185041716.33,4.89,1.42852E+11
1984,South Africa,5.10,77344092906.73,3.70,2770152106.72,2713.66,5.09,74350757753.92,8.66,60077832574
1984,China,15.19,259946510957.14,,,651.07,,261221374528.57,,2.18963E+11
1984,World,4.68,12255569438482.10,4.18,459878641636.82,1405.80,4.51,12234466388345.00,6.16,9.93063E+12
1985,Germany,2.33,732534887058.20,2.87,18752463333.13,4598.14,2.34,738823376959.87,2.53,6.16693E+11
1985,France,1.62,553138414367.06,3.14,17455151457.83,3597.64,2.13,552408380785.52,2.40,4.64566E+11
1985,Italy,2.80,452217492140.76,1.94,8253390532.61,2284.81,2.68,451126286380.69,2.63,3.83623E+11
1985,Japan,5.23,1398892744820.69,0.96,13087751953.58,3003.17,5.42,1405671182271.17,6.41,1.15523E+12
1985,Canada,,364756499450.75,2.10,7460563318.39,7468.10,,354994507506.41,4.92,2.95702E+11
1985,Russian Federation,,,,,,,,,
1985,United States,4.17,4338979000000.00,6.45,272163229313.06,7456.26,3.85,4310074000000.00,4.14,3.60471E+12
1985,United Kingdom,4.15,489285164271.05,5.32,26031881546.00,3550.78,3.86,512183054414.78,2.66,4.24176E+11
1985,Brazil,7.85,210879841322.31,1.43,2687049984.35,956.23,8.52,211063860366.74,3.78,1.86504E+11
1985,India,5.25,232511877842.04,3.57,7567024020.31,314.90,5.32,231344146134.33,4.23,2.04859E+11
1985,Mexico,2.19,195219789801.48,0.68,1241863651.94,1429.45,3.17,186223239782.02,4.69,1.54746E+11
1985,South Africa,-1.21,59082638803.53,3.70,2117406345.49,2643.91,-1.67,56512053140.95,-6.14,43353776753
1985,China,13.43,309488028132.65,,,657.76,,310328084153.06,,2.6396E+11
1985,World,3.71,12889898391561.50,4.23,486712710861.12,1415.90,3.56,12845569982414.30,5.03,1.04332E+13
1986,Germany,2.29,1046259374943.71,2.79,26065367271.43,4589.15,2.15,1052667199855.89,5.45,8.80868E+11
1986,France,2.34,771470783218.11,3.09,23901440137.08,3632.92,2.91,774780755753.39,5.28,6.53635E+11
1986,Italy,2.86,640386352773.09,1.98,11941809156.31,2311.55,2.58,637091754773.35,5.59,5.4382E+11
1986,Japan,3.33,2078953333673.55,0.96,19457334441.02,3020.81,3.30,2088415129854.18,4.25,1.7056E+12
1986,Canada,,377437927311.98,2.11,7780136739.83,7521.89,,366251889168.77,2.86,3.08403E+11
1986,Russian Federation,,,,,,,,,
1986,United States,3.46,4579631000000.00,6.63,295546223803.60,7376.10,3.24,4516535000000.00,3.39,3.80044E+12
1986,United Kingdom,3.15,601452653180.89,5.06,30432577939.64,3597.94,3.43,632310233069.48,5.35,5.32731E+11
1986,Brazil,7.49,256480855343.62,1.22,2758186568.48,980.42,8.60,256173867061.64,8.55,2.28121E+11
1986,India,4.78,248985994044.20,4.11,9539363085.61,318.87,4.72,247574348949.76,4.31,2.20862E+11
1986,Mexico,-3.08,134550096436.74,0.63,817296611.65,1361.72,-3.82,127030515364.50,-10.48,1.04158E+11
1986,South Africa,0.02,67521602553.14,3.82,2497888430.35,2686.26,0.08,64575910334.09,-1.83,49508393545
1986,China,8.95,300758100107.25,,,671.21,,300735081440.58,,2.61723E+11
1986,World,3.45,15241194224711.60,3.92,531748822486.73,1417.91,3.17,15155272920354.30,3.69,1.2392E+13
1987,Germany,1.40,1298176105549.51,2.77,32131496921.42,4616.40,1.32,1304233981501.63,2.10,1.08982E+12
1987,France,2.56,934173305685.91,3.12,29280470206.47,3702.24,2.93,941591181927.32,2.87,7.93964E+11
1987,Italy,3.19,805713128174.49,2.06,15653065895.39,2407.26,3.37,803229982073.50,4.07,6.86997E+11
1987,Japan,4.73,2532808573157.03,0.97,23642290700.17,3044.66,4.95,2549578774522.51,3.84,2.07376E+12
1987,Canada,,431316742081.45,2.06,8694447167.78,7671.20,,419782051282.05,3.20,3.4807E+11
1987,Russian Federation,,,,,,,,,
1987,United States,3.46,4855215000000.00,6.42,304086648682.91,7622.17,3.45,4828878000000.00,3.73,4.05533E+12
1987,United Kingdom,5.39,745162608269.33,4.69,34921759890.19,3619.08,5.27,776775062918.78,4.22,6.52809E+11
1987,Brazil,3.53,283056833878.21,1.74,4323674770.12,998.40,4.32,282955492984.36,1.99,2.53382E+11
1987,India,3.97,279033584092.16,4.23,10877406164.41,323.88,3.80,277014075282.35,4.70,2.46338E+11
1987,Mexico,1.72,147540738281.82,0.58,813391574.40,1403.21,2.66,140739534247.57,5.48,1.1543E+11
1987,South Africa,2.10,88573697223.17,4.19,3595968625.22,2718.50,2.82,85456852377.75,7.24,66928549382
1987,China,11.66,272972974764.57,,,694.42,,272793546177.13,,2.35761E+11
1987,World,3.74,17347632790771.60,3.79,600269882729.17,1444.24,3.69,17286674510267.20,2.69,1.4074E+13
1988,Germany,3.71,1401233225303.49,2.64,33036667268.81,4629.18,4.21,1414781709544.49,4.48,1.18678E+12
1988,France,4.74,1018847043277.17,2.96,30327270741.09,3665.57,4.61,1025574275960.80,5.23,8.66607E+11
1988,Italy,4.19,891608957155.61,2.07,17403664789.84,2462.80,4.24,889209764950.91,4.15,7.61868E+11
1988,Japan,6.79,3071683013178.91,0.95,28216102752.98,3243.60,6.83,3093131811751.23,7.28,2.51177E+12
1988,Canada,,507354351182.25,1.99,9897335684.28,7885.24,,492889412529.46,4.87,4.07969E+11
1988,Russian Federation,,554713455149.50,,,,,556478405315.62,,
1988,United States,4.18,5236438000000.00,6.07,309661269300.95,7849.75,4.25,5256093000000.00,5.97,4.44574E+12
1988,United Kingdom,5.73,910122732123.80,4.21,38357236513.96,3643.01,5.80,945959791889.01,5.59,7.98103E+11
1988,Brazil,-0.06,308333568571.49,2.12,5874167752.84,992.59,-0.34,317177371865.75,1.22,2.84716E+11
1988,India,9.63,296588994812.06,3.73,11346419153.42,334.26,9.30,293483314650.14,7.91,2.61298E+11
1988,Mexico,1.28,181611549975.80,0.54,981914645.57,1392.42,2.33,174365613985.31,-4.12,1.46759E+11
1988,South Africa,4.20,95176640968.04,4.62,4263086823.23,2763.77,4.43,92004394168.82,3.72,72705524371
1988,China,11.22,312353631207.82,,,720.34,,312230327072.02,,2.73414E+11
1988,World,4.66,19373475763787.90,3.53,638840332794.02,1469.54,4.44,19425972352599.10,2.53,1.58574E+13
1989,Germany,3.90,1398967436804.33,2.53,31631605144.51,4514.70,4.06,1414249683761.57,3.37,1.18781E+12
1989,France,4.34,1025211803413.53,2.88,29665454335.40,3795.90,4.05,1029131194735.76,3.75,8.70567E+11
1989,Italy,3.39,928661332204.35,2.03,17675486539.46,2566.11,3.21,924083371436.64,2.97,7.91188E+11
1989,Japan,4.86,3054914166263.18,0.94,27966353541.50,3352.01,4.96,3078857299419.27,4.73,2.48761E+12
1989,Canada,,565055743243.24,1.93,10747134688.64,7963.30,,547709459459.46,2.63,4.54245E+11
1989,Russian Federation,,506500173960.27,,,,,506588568405.99,,
1989,United States,3.67,5641580000000.00,5.87,321866558808.32,7890.29,3.68,5598381000000.00,2.09,4.71787E+12
1989,United Kingdom,2.58,926884816753.93,4.04,37456646813.31,3626.30,2.44,951887547447.64,1.88,8.00673E+11
1989,Brazil,3.16,347028139590.23,2.69,8761486965.81,993.91,12.95,365711839530.33,9.38,4.08503E+11
1989,India,5.95,296042354986.13,3.53,10589796924.59,342.70,5.82,292602874479.12,5.94,2.5988E+11
1989,Mexico,4.11,221400669713.59,0.52,1153375828.27,1426.67,4.35,213098448710.14,6.24,1.82645E+11
1989,South Africa,2.39,99030856824.75,4.36,4181886467.28,2585.62,2.34,95661399466.77,3.01,76171394061
1989,China,4.21,347768051311.74,2.45,11251332630.39,724.12,,347942587323.89,,3.01008E+11
1989,World,3.74,20171334961132.80,3.44,658523950439.01,1475.93,3.99,20170373974027.30,3.25,1.65143E+13
1990,Germany,5.26,1771671206875.68,2.52,39834666879.77,4421.36,5.35,1790871642658.27,5.54,1.504E+12
1990,France,2.92,1269179616913.62,2.81,35774430324.98,3846.63,2.89,1273598361643.18,2.89,1.07619E+12
1990,Italy,1.99,1181222653522.95,1.88,20734625578.57,2583.89,1.31,1166755021008.40,2.10,9.98905E+11
1990,Japan,4.89,3132817652848.04,0.94,28800451682.41,3552.86,4.88,3156842377885.60,4.76,2.54572E+12
1990,Canada,,593929550908.47,1.96,11414631846.89,7630.09,,574627185464.52,-0.54,4.76764E+11
1990,Russian Federation,-3.00,516814274021.96,,,5941.59,,515780725699.66,,
1990,United States,1.89,5963144000000.00,5.61,325129313986.03,7671.77,2.03,5902290000000.00,1.26,4.95836E+12
1990,United Kingdom,0.73,1093169389204.55,3.98,43545094840.13,3597.05,0.54,1116245413707.39,1.01,9.34616E+11
1990,Brazil,-4.35,390725626002.87,2.36,9236296955.41,940.97,-11.35,380339036380.18,-14.39,4.06437E+11
1990,India,5.53,320979026419.63,3.15,10537035450.05,350.08,5.38,316775332517.64,5.79,2.80609E+11
1990,Mexico,5.18,261253582805.95,0.43,1210872502.31,1473.39,5.62,252627674820.45,7.31,2.18763E+11
1990,South Africa,-0.32,115552349036.93,3.90,4364458203.86,2471.60,-0.59,111285000412.09,0.78,89600686548
1990,China,3.92,360857912565.97,2.45,9926349250.82,767.00,,361822783694.07,,3.07941E+11
1990,World,2.88,22739516285919.00,3.31,713011017715.11,1663.81,2.47,22618918072101.40,3.04,1.8554E+13
1991,Germany,5.11,1868945197407.19,2.00,37196729730.24,4302.89,4.55,1875827877430.76,3.66,1.57373E+12
1991,France,1.05,1269276828275.78,2.81,35869120915.21,4043.10,0.96,1272602023020.58,0.38,1.07076E+12
1991,Italy,1.54,1246220156079.29,1.86,21585706771.88,2645.67,1.36,1228446297799.28,2.02,1.05119E+12
1991,Japan,3.42,3584420077100.84,0.94,32785415754.19,3574.01,3.36,3609951843523.74,2.50,2.88342E+12
1991,Canada,,610328183643.19,1.90,11338503299.24,7517.33,,592228332024.09,-1.00,4.95586E+11
1991,Russian Federation,-5.05,517962962962.96,,,5870.23,-5.13,516545185185.19,,
1991,United States,-0.11,6158129000000.00,4.88,299372779114.59,7631.47,-0.17,6096750000000.00,0.34,5.12297E+12
1991,United Kingdom,-1.10,1142797178130.51,4.12,47045457327.37,3707.95,-1.04,1169938033509.70,-0.01,9.81577E+11
1991,Brazil,1.03,342609227209.65,1.96,6694665295.15,942.04,1.35,334931411093.57,6.71,5.37927E+11
1991,India,1.06,270105341879.23,2.91,8622473881.38,357.37,0.83,265995400854.86,1.52,2.34332E+11
1991,Mexico,4.21,313142768453.49,0.44,1459136040.92,1518.49,4.80,304534734461.97,6.39,2.69264E+11
1991,South Africa,-1.02,123943432441.24,3.22,3874415134.79,2518.12,-0.05,120735160974.90,2.19,98273100818
1991,China,9.26,383373318083.62,2.31,9802375366.07,736.85,,384152337595.82,,3.33506E+11
1991,World,1.45,23707017314929.80,3.01,698285243695.30,1649.65,1.27,23598583485968.80,1.38,1.97168E+13
1992,Germany,1.92,2131571696931.75,1.86,39502452271.27,4190.98,1.77,2137944338134.00,2.44,1.78877E+12
1992,France,1.60,1401465923172.24,2.69,37902269820.78,3954.00,1.73,1406931846344.49,2.00,1.1851E+12
1992,Italy,0.83,1320161644933.23,1.75,22177090390.33,2627.34,0.68,1298792413197.17,0.16,1.10754E+12
1992,Japan,0.85,3908809463463.86,0.95,35999123575.81,3644.19,1.01,3942653569288.27,0.04,3.11657E+12
1992,Canada,,592387689252.92,1.86,10788803123.94,7601.69,,573080168776.37,-0.53,4.7613E+11
1992,Russian Federation,-14.53,460290556900.73,4.43,,5356.51,-15.26,455789723970.94,,2.6385E+11
1992,United States,3.52,6520327000000.00,4.97,325033735954.80,7677.40,3.48,6435469000000.00,3.42,5.42443E+12
1992,United Kingdom,0.40,1179659529659.53,3.86,45592591817.98,3684.72,0.66,1221728957528.96,2.77,1.03089E+12
1992,Brazil,-0.54,328187944300.91,1.52,4993804466.93,935.75,-0.21,321997047142.55,0.56,3.60468E+11
1992,India,5.48,288208430383.96,2.70,8083231409.71,363.08,5.48,283799332762.87,4.93,2.50497E+11
1992,Mexico,3.54,363157598242.27,0.47,1824550066.24,1503.68,3.63,353562749232.61,4.43,3.12962E+11
1992,South Africa,-2.14,134545231416.55,2.82,3677406460.71,2290.67,-1.82,131599579242.64,1.97,1.08868E+11
1992,China,14.22,426915712715.86,2.45,12244267842.21,752.63,,427130409858.71,,3.74746E+11
1992,World,2.06,25393696182655.10,2.94,730298881501.34,1621.34,1.56,25276370234757.80,2.57,2.09802E+13
1993,Germany,-0.98,2071323790370.28,1.69,35030537589.37,4122.70,-1.15,2074905674908.32,-1.31,1.7273E+12
1993,France,-0.63,1322815612694.00,2.69,35775273292.89,4001.90,-0.54,1329198517489.00,-0.34,1.11872E+12
1993,Italy,-0.85,1064958075550.63,1.79,18242013901.28,2611.99,-0.62,1049906464870.19,-1.57,8.90867E+11
1993,Japan,-0.52,4454143876947.21,0.95,41353936221.87,3655.97,-0.49,4493789445474.64,-0.61,3.52627E+12
1993,Canada,,577170761956.44,1.82,10268822622.03,7770.55,,559372141694.44,2.61,4.65497E+11
1993,Russian Federation,-8.67,435083713850.84,4.18,7766720078.41,5059.86,-8.57,430624472095.38,-26.26,2.32195E+11
1993,United States,2.75,6858559000000.00,4.60,316719443747.42,7709.50,2.73,6733768000000.00,2.19,5.67639E+12
1993,United Kingdom,2.49,1061388722255.55,3.59,38113206791.46,3713.19,2.39,1098417308038.39,3.71,9.29718E+11
1993,Brazil,4.92,368295777770.08,1.93,7099899155.10,943.33,4.38,359329728432.15,3.14,3.91471E+11
1993,India,4.75,279296022987.92,2.82,8253542581.49,364.51,4.90,275444510280.80,5.92,2.43629E+11
1993,Mexico,1.94,500736065605.34,0.44,2122980337.78,1502.22,2.23,489113393888.82,4.01,4.34774E+11
1993,South Africa,1.23,147196639471.19,2.50,3254313378.67,2395.38,1.55,144534216360.13,5.64,1.10104E+11
1993,China,13.88,444731282435.52,1.93,12360225860.64,788.13,,443808937179.76,,3.86689E+11
1993,World,1.81,25822450379473.20,2.77,698672757536.54,1613.04,1.13,25707512299198.00,1.43,2.12318E+13
1994,Germany,2.39,2205074123177.05,1.55,34197705639.67,4088.80,1.71,2204518754971.68,2.38,1.83489E+12
1994,France,2.36,1393982750472.59,2.66,37288606059.73,3836.11,2.20,1398516068052.93,2.21,1.17902E+12
1994,Italy,2.15,1099216688280.50,1.71,18062459081.75,2578.47,1.99,1082154302353.51,1.69,9.18339E+11
1994,Japan,0.99,4998797547740.97,0.92,45285594082.66,3844.29,0.93,5040359933390.60,-2.24,3.86591E+12
1994,Canada,,578139279437.61,1.70,9577377639.79,7957.25,,559172524897.48,4.24,4.6574E+11
1994,Russian Federation,-12.57,395077301248.46,4.52,13547871733.42,4426.67,-12.05,393237301248.46,-20.58,1.98353E+11
1994,United States,4.03,7287236000000.00,4.22,308084000000.00,7757.83,3.88,7170251000000.00,4.54,6.06047E+12
1994,United Kingdom,3.85,1140489745944.29,3.38,38569013504.86,3732.52,4.18,1199798307315.58,5.98,1.02285E+12
1994,Brazil,5.85,525369851353.74,2.02,10591499118.38,976.98,4.33,516607762515.29,8.34,4.88964E+11
1994,India,6.66,327275583539.56,2.66,8880551226.03,371.23,6.78,323108717813.73,6.44,2.87216E+11
1994,Mexico,4.94,527813238126.28,0.52,2635284078.79,1509.94,4.85,515157050754.05,5.30,4.57344E+11
1994,South Africa,3.20,153512625915.29,2.56,3478582291.31,2420.08,3.44,151090918131.13,2.58,1.14974E+11
1994,China,13.04,564324670008.24,1.69,9867120066.27,816.16,,563288670008.24,,4.91089E+11
1994,World,3.30,27872421364037.90,2.58,707807522424.37,1599.01,2.69,27787893893644.70,3.87,2.28718E+13
1995,Germany,1.54,2585792275146.72,1.50,38742699102.55,4119.69,1.31,2582251944861.47,2.22,2.15938E+12
1995,France,2.11,1601094756209.75,2.49,40124024138.37,3981.35,2.12,1606455513208.04,2.19,1.35876E+12
1995,Italy,2.89,1174662070605.02,1.47,17185853003.90,2799.38,3.23,1160406751456.08,3.00,9.88122E+11
1995,Japan,2.63,5545563663889.70,0.92,49961673236.97,3934.96,2.65,5592682724570.38,3.44,4.32592E+12
1995,Canada,,604031623433.40,1.55,9176903908.37,7979.90,,585086709414.17,3.75,4.87209E+11
1995,Russian Federation,-4.14,395537185734.85,3.78,12741629470.41,4290.69,-4.50,392165585723.78,-9.05,1.92698E+11
1995,United States,2.68,7639749000000.00,3.86,295853097724.66,7763.76,2.74,7574691000000.00,3.58,6.41786E+12
1995,United Kingdom,2.53,1346422597443.59,2.85,38294283079.83,3728.96,2.31,1304551338172.64,1.39,1.10281E+12
1995,Brazil,4.22,769333330368.99,1.86,14318919608.09,994.29,6.75,757886586968.48,5.89,6.97435E+11
1995,India,7.57,360281952716.80,2.58,9754464629.89,385.09,7.74,356252331233.45,7.12,3.15978E+11
1995,Mexico,-6.29,360073909243.86,0.45,1562615372.39,1437.65,-7.58,346715405645.39,-14.88,2.78461E+11
1995,South Africa,3.10,171735223677.32,2.12,3292446561.84,2498.89,2.98,168860475255.71,5.10,1.28555E+11
1995,China,10.95,734547898224.10,1.69,12385129474.99,866.83,,722773475241.60,,6.30927E+11
1995,World,3.09,31043806328491.80,2.39,726591178564.08,1616.15,2.62,30892565297088.40,3.04,2.54882E+13
1996,Germany,0.81,2497244606186.64,1.47,36701189772.00,4246.55,0.96,2497603327268.00,0.71,2.08459E+12
1996,France,1.41,1605675086549.56,2.41,38977734095.78,4191.92,1.93,1619352481087.32,1.80,1.3714E+12
1996,Italy,1.27,1312426527795.21,1.59,20793128832.20,2796.15,1.52,1299725812523.53,2.08,1.10908E+12
1996,Japan,3.13,4923391533851.63,0.91,44047104680.13,4008.48,3.51,4982754040068.36,2.61,3.85943E+12
1996,Canada,,628546387972.13,1.40,8615884471.24,8053.45,,609656032269.89,1.43,5.04148E+11
1996,Russian Federation,-3.76,391724890744.50,3.76,15826340651.81,4252.61,-4.28,386290390744.50,19.66,2.33444E+11
1996,United States,3.77,8073122000000.00,3.55,287960668678.94,7844.47,3.79,8045907000000.00,4.34,6.82116E+12
1996,United Kingdom,2.43,1421514820592.82,2.72,38566134645.39,3879.82,2.48,1373976731669.27,3.88,1.16448E+12
1996,Brazil,2.21,850426433004.08,1.65,14073226544.62,1030.67,0.98,827516902795.74,1.15,7.62522E+11
1996,India,7.55,392897054348.07,2.47,9904672736.30,389.43,7.74,389212066967.51,7.30,3.45985E+11
1996,Mexico,6.77,410975595310.16,0.48,1882873102.66,1445.93,7.17,396991780930.07,8.92,3.22062E+11
1996,South Africa,4.30,163236785802.34,1.76,2591787130.61,2504.90,4.07,160124651268.81,4.01,1.21668E+11
1996,China,9.92,863746717507.40,1.65,14275400819.97,881.65,10.03,851309717507.40,12.58,7.41203E+11
1996,World,3.61,31736284484872.90,2.32,724514779832.67,1633.31,3.53,31581900660425.10,2.47,2.61516E+13
1997,Germany,1.79,2211989623279.95,1.41,31267710403.06,4203.36,1.58,2207765621475.30,1.05,1.84017E+12
1997,France,2.34,1452884917959.09,2.38,34697904099.18,4049.23,2.70,1470552933243.43,2.91,1.24785E+12
1997,Italy,1.83,1241879604365.62,1.63,20156102258.36,2834.40,2.36,1236195088676.67,2.46,1.05549E+12
1997,Japan,0.98,4492448605638.94,0.92,40634840607.98,4041.17,1.09,4551410891232.32,0.17,3.50987E+12
1997,Canada,,654986999855.55,1.25,7945140182.87,8056.24,,634690885454.28,4.79,5.26606E+11
1997,Russian Federation,1.40,404928954191.88,4.04,17577353180.65,4069.69,0.70,396237354191.88,3.89,2.55538E+11
1997,United States,4.38,8577554457000.00,3.41,293167825790.97,7828.58,4.27,8589268000000.00,5.49,7.31142E+12
1997,United Kingdom,4.91,1559569417157.83,2.56,39889947448.98,3760.71,5.05,1536474662737.39,7.29,1.32126E+12
1997,Brazil,3.39,883206452795.12,1.58,13934266551.64,1066.19,2.87,855025884218.18,1.47,7.86954E+11
1997,India,4.05,415867753863.87,2.65,11464883389.83,397.38,4.13,412314039081.44,4.22,3.65323E+11
1997,Mexico,6.85,500413483109.18,0.46,2184061042.17,1498.00,7.74,487611244932.75,10.34,4.03871E+11
1997,South Africa,2.60,168976663845.49,1.58,2414137709.53,2527.94,2.60,165755309678.82,3.00,1.26584E+11
1997,China,9.24,961603952954.23,1.63,15699586768.58,871.76,9.50,950600282950.13,9.41,8.25919E+11
1997,World,3.87,31619825562446.70,2.32,724578685110.89,1626.41,3.83,31513749224093.40,3.96,2.61642E+13
1998,Germany,2.01,2238990774702.68,1.39,31200768078.00,4177.29,1.62,2226180949205.29,2.13,1.85547E+12
1998,France,3.59,1503108739159.44,2.23,33633561283.23,4151.63,3.68,1522697353791.42,4.31,1.29597E+12
1998,Italy,1.81,1270052525928.40,1.64,20825125351.86,2912.95,1.71,1263071038251.37,2.27,1.07802E+12
1998,Japan,-1.27,4098362709531.24,0.94,37849012642.76,3955.63,-1.34,4148975633530.50,-1.70,3.18021E+12
1998,Canada,2.80,634000000000.00,1.26,7748607984.04,7948.40,2.52,612674755645.43,2.28,5.07908E+11
1998,Russian Federation,-5.30,270955486862.44,2.73,7955730400.99,3981.50,-7.23,259165786862.44,-6.46,1.7365E+11
1998,United States,4.48,9062818202000.00,3.20,290996055088.38,7803.70,4.40,9135464000000.00,5.90,7.80302E+12
1998,United Kingdom,3.15,1653391851606.49,2.50,41222125832.62,3787.11,3.68,1660687540576.35,6.53,1.44199E+12
1998,Brazil,0.34,863711007325.49,1.66,14357357046.84,1075.20,-0.92,825524306965.99,-2.59,7.602E+11
1998,India,6.18,421351477504.74,2.73,11920610818.38,399.50,6.19,417792938008.47,7.90,3.73183E+11
1998,Mexico,5.16,526502129378.28,0.45,2263223453.49,1516.61,5.16,513008373905.43,5.65,4.27033E+11
1998,South Africa,0.50,152982541794.04,1.38,1905656008.74,2471.48,0.33,149819182352.62,0.89,1.14054E+11
1998,China,7.85,1029043097558.91,1.66,17031780199.69,869.36,7.41,1012399391552.22,8.23,8.78377E+11
1998,World,2.79,31539696077319.90,2.27,706829056984.88,1611.34,2.86,31492998229872.30,1.99,2.62933E+13
1999,Germany,1.89,2194945278872.59,1.40,30690158425.58,4079.93,1.76,2179762227596.14,1.80,1.81465E+12
1999,France,3.42,1493151737698.46,2.18,32672714284.85,4123.53,4.13,1522931663205.02,4.18,1.29621E+12
1999,Italy,1.63,1252446659833.79,1.68,21016456909.93,2957.31,1.99,1250007310699.89,1.86,1.06608E+12
1999,Japan,-0.33,4635982224063.88,0.95,43122898504.92,4011.22,-0.34,4692903320960.64,-0.89,3.59385E+12
1999,Canada,3.97,678412196271.12,1.24,8210778539.84,8107.52,3.90,655584572928.59,5.44,5.44858E+11
1999,Russian Federation,6.40,195907128350.93,3.07,6469035211.35,4136.75,6.78,188191228350.93,20.62,1.40768E+11
1999,United States,4.75,9630664202000.00,3.09,298094891322.40,7923.22,4.89,9690388000000.00,4.16,8.25538E+12
1999,United Kingdom,2.99,1685762821549.91,2.42,40760400666.57,3784.07,2.33,1680143989645.69,2.00,1.45012E+12
1999,Brazil,0.47,599642075004.47,1.65,9866973918.51,1083.40,-0.30,568318825546.54,-3.49,5.20507E+11
1999,India,8.85,458820417337.81,2.96,13895562461.39,414.96,8.94,455259488556.38,5.99,4.0474E+11
1999,Mexico,2.75,600232874042.93,0.46,2652912012.05,1537.52,3.13,587223199029.33,5.00,4.90881E+11
1999,South Africa,2.40,151516560274.98,1.27,1738036625.05,2464.32,2.37,148308278091.50,1.34,1.13231E+11
1999,China,7.66,1093997267277.10,1.87,20473915094.77,878.52,7.91,1079526985274.75,8.62,9.37096E+11
1999,World,3.50,32736603313313.00,2.22,720489058859.31,1623.84,3.68,32693128321191.70,2.99,2.7195E+13
2000,Germany,2.91,1947981991011.77,1.36,26497593164.39,4094.06,3.05,1937024251730.20,1.20,1.60317E+12
2000,France,3.92,1365639660792.16,2.09,28403138948.71,4135.48,3.49,1387213402712.16,2.30,1.17526E+12
2000,Italy,3.79,1146676894209.73,1.74,19878720932.38,3012.19,3.59,1142299340172.39,1.81,9.70236E+11
2000,Japan,2.76,4968359075956.59,0.93,45509673827.31,4083.83,2.99,5040235511364.95,2.71,3.86518E+12
2000,Canada,4.92,744773415931.59,1.12,8299385230.72,8265.08,5.72,725237357753.69,6.63,5.99546E+11
2000,Russian Federation,10.00,259710142196.94,3.31,9228204143.74,4224.28,11.15,252973642196.94,22.37,1.87304E+11
2000,United States,4.13,10252345464000.00,3.11,320086324211.20,8056.86,4.18,10383667000000.00,3.89,8.80208E+12
2000,United Kingdom,3.67,1662127402027.54,2.37,39343711272.58,3785.75,4.38,1668249356937.51,3.63,1.43245E+12
2000,Brazil,4.39,655448188259.35,1.73,11344032534.90,1072.38,6.95,636572488761.72,5.25,5.77772E+11
2000,India,3.84,468394937262.37,2.95,14287514240.70,417.29,3.56,463418960201.82,2.87,4.08872E+11
2000,Mexico,4.94,707906744574.64,0.45,3031454509.30,1516.64,4.97,692709476500.70,3.75,5.84792E+11
2000,South Africa,4.20,151753369491.92,1.39,1891725013.44,2424.88,4.21,148579791002.62,5.07,1.12777E+11
2000,China,8.49,1211346869600.41,1.83,22237140151.21,898.99,8.58,1196681328408.87,9.21,1.03276E+12
2000,World,4.50,33831940878252.90,2.21,742433000633.98,1637.21,4.49,33871229182380.60,3.46,2.80072E+13
2001,Germany,1.68,1945790973803.15,1.32,25815401959.23,4209.80,1.54,1932123667212.60,1.61,1.60011E+12
2001,France,1.98,1377657339291.34,2.03,27951566384.42,4246.00,2.21,1402495832979.14,2.25,1.18768E+12
2001,Italy,1.95,1168023426056.38,1.68,19519381482.04,3020.62,2.03,1164448341671.22,2.52,9.90109E+11
2001,Japan,0.39,4374711694090.87,0.95,40757967234.16,4008.27,0.50,4442724323185.68,0.49,3.40491E+12
2001,Canada,1.41,738981792355.37,1.14,8375571424.88,8056.35,1.19,718179235537.19,1.26,5.9075E+11
2001,Russian Federation,5.10,306602070620.50,3.55,11683151344.77,4288.38,6.55,302363970620.50,2.81,2.28253E+11
2001,United States,1.00,10581821399000.00,3.12,331805610572.14,7827.89,1.10,10746067000000.00,1.43,9.08509E+12
2001,United Kingdom,2.07,1643908161796.46,2.41,39512579943.65,3784.93,2.41,1655531884266.59,2.57,1.41551E+12
2001,Brazil,1.39,559983704094.17,1.95,10930231568.37,1076.28,1.02,541802025604.25,0.59,4.91828E+11
2001,India,4.82,485441014538.64,2.92,14600642346.10,416.01,5.02,481233322101.92,5.23,4.25016E+11
2001,Mexico,-0.40,756706300589.79,0.44,3229469276.43,1548.32,-0.12,742673818438.71,0.88,6.29606E+11
2001,South Africa,2.70,135429607036.66,1.48,1802262236.36,2461.03,2.02,131692209833.67,2.07,98629228235
2001,China,8.34,1339395718862.89,1.98,26561462998.29,928.81,8.10,1320222692114.39,11.39,1.14679E+12
2001,World,2.00,33614851304324.40,2.24,755078390516.36,1636.49,2.06,33672820180544.70,2.17,2.78807E+13
2002,Germany,-0.20,2078484517474.51,1.33,27611355672.44,4108.40,-0.56,2056434683769.81,-0.72,1.69198E+12
2002,France,1.14,1501409382971.38,2.05,30578398932.82,4225.47,0.39,1517047281243.53,0.02,1.27516E+12
2002,Italy,0.25,1276769338449.30,1.71,21610059761.89,3037.27,0.11,1271074053343.30,-0.32,1.07225E+12
2002,Japan,0.04,4182846045873.61,0.96,39333708169.84,3991.98,-0.06,4243893355026.00,-0.46,3.2399E+12
2002,Canada,3.42,760649334098.01,1.12,8495399281.22,7993.88,3.80,741406996750.14,3.19,6.16014E+11
2002,Russian Federation,4.70,345470494417.86,3.76,13943825063.40,4288.19,4.19,338887494417.86,3.43,2.58761E+11
2002,United States,1.74,10936419054000.00,3.45,378463138753.84,7843.34,1.68,11052223000000.00,1.52,9.35786E+12
2002,United Kingdom,2.12,1784076738609.11,2.49,44245265998.31,3685.87,2.71,1807143285371.70,3.42,1.54634E+12
2002,Brazil,3.05,509795270685.19,1.90,9664561903.33,1090.35,2.90,492692609449.77,3.58,4.44841E+11
2002,India,3.80,514937948870.08,2.83,14749667251.59,421.27,3.99,511490036313.61,4.84,4.51405E+11
2002,Mexico,-0.04,772106378935.38,0.42,3172268733.51,1534.72,0.09,758782874482.19,-0.47,6.39929E+11
2002,South Africa,3.70,129088132201.85,1.53,1766082897.72,2384.14,4.24,126298943628.03,7.90,95020967667
2002,China,9.13,1470550015077.93,2.05,30284127410.00,984.81,9.51,1455604866956.63,12.12,1.27295E+12
2002,World,2.34,34918207662527.30,2.34,815707284395.52,1649.28,2.11,34899861501201.30,3.70,2.89072E+13
2003,Germany,-0.70,2501640388482.35,1.32,32997363017.13,4084.50,-0.66,2476230001432.94,0.01,2.04098E+12
2003,France,0.82,1844544792036.86,2.10,38569115812.94,4270.95,1.11,1869026496404.31,1.16,1.57291E+12
2003,Italy,0.14,1577621707050.51,1.71,26824213292.04,3168.53,0.10,1570015784573.64,0.42,1.32612E+12
2003,Japan,1.54,4519561645253.53,0.96,42486177361.06,3953.18,1.69,4592583679436.92,1.61,3.52393E+12
2003,Canada,3.81,895540646634.79,1.12,9958245601.51,8341.34,3.90,873515809007.21,4.76,7.26678E+11
2003,Russian Federation,7.30,430347770731.79,3.67,16973739085.10,4461.31,6.06,417177070731.79,7.01,3.19984E+11
2003,United States,2.86,11458243878000.00,3.83,440532069586.19,7794.24,2.95,11534846000000.00,2.09,9.75212E+12
2003,United Kingdom,3.03,2057093877551.02,2.55,52343122277.07,3731.61,3.01,2083183673469.39,3.64,1.78389E+12
2003,Brazil,1.14,558233724164.71,1.50,8392905884.03,1094.42,1.34,540518512990.10,0.41,4.89339E+11
2003,India,7.86,607699285433.87,2.68,16333986643.28,424.29,7.79,603192892963.39,7.78,5.33719E+11
2003,Mexico,1.45,729336319677.45,0.41,2960496802.30,1603.94,1.42,716377770785.06,-2.27,5.89185E+11
2003,South Africa,2.95,197020241490.08,1.47,2574176278.13,2518.33,2.72,192410805557.39,5.86,1.4578E+11
2003,China,10.04,1660287965663.89,1.98,33144000481.45,1118.43,10.42,1650069477165.64,11.96,1.43964E+12
2003,World,3.16,39147973173629.30,2.41,952682266035.79,1688.48,3.22,39074835004379.60,1.70,3.24008E+13
2004,Germany,1.18,2814353869359.08,1.27,35776573894.11,4114.39,2.84,2831354282320.08,3.26,2.34441E+12
2004,France,2.83,2119633181634.37,2.10,44524579612.60,4301.74,2.88,2148978081185.33,2.63,1.80788E+12
2004,Italy,1.42,1806542968545.56,1.68,30261076654.68,3169.93,1.75,1803554244449.46,1.42,1.52203E+12
2004,Japan,2.19,4893116005656.56,0.94,45339809414.66,4078.21,2.51,4987574981745.58,2.47,3.84212E+12
2004,Canada,3.91,1026690238278.25,1.11,11336489831.06,8455.55,4.24,1004566487317.45,4.70,8.33831E+11
2004,Russian Federation,7.20,591016690742.80,3.30,20955413570.63,4493.69,8.07,578245490742.80,14.96,4.52833E+11
2004,United States,3.80,12213729147000.00,4.02,492999376159.40,7881.58,3.92,12317643000000.00,3.65,1.04039E+13
2004,United Kingdom,2.36,2421814353716.59,2.50,60250782544.70,3694.48,2.13,2446893079458.07,2.64,2.09656E+12
2004,Brazil,5.76,669289321944.52,1.46,9780111585.17,1141.49,5.98,649516039101.08,6.65,5.82207E+11
2004,India,7.92,709148514804.66,2.83,20238566526.54,439.70,7.96,704168745465.35,7.85,6.19355E+11
2004,Mexico,3.92,782240601984.76,0.36,2854385964.91,1599.16,4.18,770594421407.05,5.92,6.29694E+11
2004,South Africa,4.55,255806631391.55,1.36,3099065125.42,2716.29,5.25,251495285663.42,4.19,1.90498E+11
2004,China,10.11,1955347004965.69,1.93,37904571827.00,1268.13,10.46,1950215394500.29,10.94,1.67391E+12
2004,World,4.48,44114320822433.60,2.40,1075920875494.42,1739.82,4.39,44071417039061.60,5.32,3.64948E+13
2005,Germany,0.73,2846864211175.10,1.07,30324965179.33,4086.50,0.95,2870368808691.05,0.44,2.37833E+12
2005,France,1.66,2196945232435.80,2.02,44442050523.14,4287.16,1.98,2234564034091.83,1.53,1.87806E+12
2005,Italy,0.82,1858217147203.73,1.61,29737642391.68,3214.67,1.15,1861136280618.83,0.32,1.5681E+12
2005,Japan,1.80,4831467035389.80,0.93,44300613329.95,4062.98,2.08,4938602699009.78,1.30,3.80151E+12
2005,Canada,5.00,1173108598778.68,1.11,12988132963.62,8422.03,5.14,1149135996038.95,4.68,9.53832E+11
2005,Russian Federation,6.40,764017107992.39,3.33,27336977273.69,4540.91,5.99,745490707990.98,10.76,5.84203E+11
2005,United States,3.51,13036640230000.00,4.09,533203000000.00,7846.50,3.46,13166516000000.00,2.94,1.10946E+13
2005,United Kingdom,2.59,2544829090909.09,2.43,61653635038.46,3686.36,2.89,2578605454545.45,3.06,2.20799E+12
2005,Brazil,3.20,891633826603.38,1.52,13588619736.36,1156.91,3.26,865859652967.49,2.90,7.75222E+11
2005,India,7.92,820381595512.90,2.75,23072312925.17,449.77,7.90,814482820622.22,8.82,7.13393E+11
2005,Mexico,2.31,877476221382.10,0.36,3123454977.56,1685.10,1.67,859156840951.01,0.76,6.9252E+11
2005,South Africa,5.28,288868489078.99,1.38,3566963815.37,2678.55,5.23,283926907458.37,6.86,2.15799E+11
2005,China,11.39,2285965892364.20,1.85,42789953650.90,1393.69,10.92,2269857202067.29,12.89,1.93508E+12
2005,World,4.05,47777852489302.60,2.39,1159553496841.31,1767.06,3.94,47732167317131.70,3.72,3.94239E+13
2006,Germany,3.82,2994703642023.53,1.20,35883657972.68,4204.65,4.70,3045353242965.88,4.58,2.53457E+12
2006,France,2.45,2320536221304.70,1.98,45792148415.52,4188.84,2.73,2366964499002.35,1.98,1.98282E+12
2006,Italy,1.79,1949551719389.64,1.53,29633022263.31,3175.80,2.03,1957286082582.70,1.04,1.64597E+12
2006,Japan,1.37,4601663122649.92,0.92,41552592885.58,4053.88,1.81,4724628609114.59,0.52,3.62423E+12
2006,Canada,4.17,1319264809590.97,1.13,14809892802.99,8239.95,4.71,1298296897038.08,3.65,1.07942E+12
2006,Russian Federation,8.20,989930542278.70,3.25,34517781618.92,4688.39,7.54,961127142278.70,12.18,7.63691E+11
2006,United States,2.85,13814611414000.00,4.04,558335000000.00,7697.65,2.61,14066382000000.00,3.54,1.18579E+13
2006,United Kingdom,2.58,2717059797608.10,2.37,64217619528.33,3598.81,1.34,2719260349586.02,0.79,2.32063E+12
2006,Brazil,3.96,1107626711406.63,1.48,16404867307.49,1184.15,4.35,1079909686901.02,5.37,9.67302E+11
2006,India,8.06,940259888792.14,2.53,23951927958.15,466.14,7.99,932915277249.47,8.38,8.16425E+11
2006,Mexico,4.50,975387131716.09,0.31,3035131018.79,1698.59,5.07,960397767726.07,6.05,7.72702E+11
2006,South Africa,5.60,303860874149.01,1.29,3506139657.83,2625.79,5.60,298725379797.68,6.41,2.25919E+11
2006,China,12.72,2752131773358.92,1.85,51453373233.85,1515.17,13.27,2746989420523.24,14.41,2.31894E+12
2006,World,4.50,51778667523963.00,2.36,1206038706533.10,1796.64,4.51,51901642325762.20,5.19,4.2861E+13
2007,Germany,2.98,3425578382921.58,1.17,40110859276.41,3985.81,2.74,3475319883354.91,2.77,2.88911E+12
2007,France,2.42,2660591246211.77,1.91,50684467384.42,4115.53,2.42,2713440990838.05,2.59,2.26915E+12
2007,Italy,1.49,2213102482751.46,1.45,31982431792.49,3149.58,1.17,2214810509531.73,1.24,1.85792E+12
2007,Japan,1.48,4579750920354.81,0.90,40530045688.47,4012.65,1.86,4720092396404.35,1.25,3.61852E+12
2007,Canada,6.87,1468820407783.26,1.19,17417139931.11,8213.39,7.07,1447200446885.76,3.06,1.20403E+12
2007,Russian Federation,8.50,1299705764823.62,3.12,43534994996.25,4709.84,9.29,1270877264823.62,14.17,1.03484E+12
2007,United States,1.88,14451858656000.00,4.08,589586000000.00,7758.17,2.20,14550103000000.00,0.37,1.22016E+13
2007,United Kingdom,2.27,3106182472989.20,2.37,73448032014.17,3441.64,1.70,3091150460184.07,1.37,2.63494E+12
2007,Brazil,6.07,1397114247331.17,1.47,20485758014.65,1238.41,6.48,1367438369222.73,6.22,1.22224E+12
2007,India,7.66,1216735441524.86,2.48,28254773450.06,485.10,8.04,1211640646849.16,8.38,1.05466E+12
2007,Mexico,2.29,1052696282278.87,0.40,4223037645.72,1662.60,2.13,1034991278893.14,3.05,8.36446E+11
2007,South Africa,5.36,333075462599.71,1.18,3525684243.69,2775.62,4.00,323307670849.07,3.44,2.42574E+11
2007,China,14.23,3550342737009.53,1.74,62136590754.59,1630.17,14.69,3558383398186.00,15.30,2.97715E+12
2007,World,4.44,58337541912663.10,2.33,1337682199888.49,1824.04,4.34,58206279625917.60,5.05,4.80848E+13
2008,Germany,0.96,3745264093617.19,1.21,45098956311.57,4036.83,0.46,3780819607074.22,-1.12,3.11464E+12
2008,France,0.25,2930303780828.12,1.90,55365965844.83,4110.59,0.44,2994136038927.34,-0.69,2.48061E+12
2008,Italy,-0.96,2408655348718.59,1.54,36839989746.22,3087.57,-1.93,2386641522088.98,-3.66,1.98047E+12
2008,Japan,-1.22,5106679115127.30,0.92,46361468280.46,3858.43,-1.63,5243862441285.03,-4.64,3.96567E+12
2008,Canada,1.01,1552989690721.65,1.25,19342058404.56,8194.88,0.99,1530173383317.71,1.39,1.25884E+12
2008,Russian Federation,5.20,1660846387624.78,3.15,56183785393.25,4823.13,4.45,1614363887626.80,5.18,1.30214E+12
2008,United States,-0.14,14712844084000.00,4.46,656756000000.00,7488.08,0.17,14718111000000.00,-2.66,1.21778E+13
2008,United Kingdom,-0.24,2938882352941.18,2.50,72915407669.74,3361.98,-0.70,2910742647058.82,-2.42,2.44823E+12
2008,Brazil,5.09,1695855391810.90,1.44,24452903035.82,1294.48,4.75,1654272376318.14,3.32,1.46926E+12
2008,India,3.09,1198895582137.51,2.63,33002376727.38,501.56,2.90,1191737412305.19,2.23,1.02158E+12
2008,Mexico,1.14,1109989063586.62,0.39,4334654123.65,1621.26,1.43,1094332318930.43,-0.26,8.72244E+11
2008,South Africa,3.19,316132138757.08,1.15,3285925081.28,2950.15,3.37,307189733295.41,-3.28,2.21586E+11
2008,China,9.65,4594307032667.98,1.71,78840802819.86,1672.90,10.07,4622872256335.72,6.47,3.75887E+12
2008,World,2.00,64071495709700.30,2.39,1509720187629.43,1829.63,1.80,63692796308494.50,-0.16,5.19586E+13
2009,Germany,-5.69,3411261212652.34,1.31,44528927835.65,3790.50,-4.46,3488175094524.22,-4.23,2.84372E+12
2009,France,-2.87,2700887366932.03,2.10,56441455398.19,3913.46,-2.74,2763004002090.23,-2.83,2.27132E+12
2009,Italy,-5.28,2199928804118.63,1.55,34054481324.40,2869.92,-4.48,2198543924651.95,-4.03,1.80777E+12
2009,Japan,-5.69,5289493117993.89,0.98,51465158207.59,3678.51,-5.82,5422436226957.12,-5.53,4.05929E+12
2009,Canada,-2.93,1374625142157.29,1.38,18936226051.96,7797.12,-3.13,1350956171813.49,-6.34,1.10979E+12
2009,Russian Federation,-7.80,1222644282201.86,3.92,51532116797.52,4531.29,-7.92,1182904882200.60,-17.60,9.55353E+11
2009,United States,-2.54,14448933025000.00,4.89,705917000000.00,7056.78,-2.47,14426269000000.00,-1.17,1.19761E+13
2009,United Kingdom,-4.25,2425798410967.44,2.65,64010506669.80,3145.59,-4.09,2406924754634.68,-3.89,2.01199E+12
2009,Brazil,-0.13,1666996294372.87,1.54,25648809910.82,1240.18,0.05,1630109870621.38,1.74,1.47497E+12
2009,India,7.86,1341886602798.69,3.13,38722154392.18,544.63,7.86,1333877109441.30,9.59,1.16286E+12
2009,Mexico,-5.29,900045350649.35,0.50,4514233914.23,1599.52,-5.55,884929436415.44,-5.45,7.06863E+11
2009,South Africa,-1.54,329753048857.05,1.21,3592687702.02,2852.10,-0.75,323125601579.00,4.77,2.41298E+11
2009,China,9.40,5101703073088.97,1.89,96601666752.95,1778.43,8.56,5093170992168.51,12.91,4.26866E+12
2009,World,-1.31,60781014428238.90,2.62,1564272484133.21,1796.22,-1.33,60507696021519.20,-0.61,4.95643E+13
2010,Germany,4.18,3399667820000.01,1.27,43025915011.69,3997.08,3.91,3467862685333.34,4.02,2.84995E+12
2010,France,1.95,2645187882116.67,1.97,52044060565.05,4016.85,1.96,2706418757800.01,2.01,2.23452E+12
2010,Italy,1.71,2136099955236.67,1.50,32020819951.13,2930.59,1.56,2131574091108.34,0.52,1.75347E+12
2010,Japan,4.10,5759071769013.11,0.96,54655450735.31,3893.27,4.23,5912477091132.79,5.07,4.49378E+12
2010,Canada,3.09,1617343367486.26,1.19,19315688825.04,7788.56,2.79,1585379875651.19,5.55,1.31607E+12
2010,Russian Federation,4.50,1524917468442.01,3.59,58720227608.76,4819.04,4.48,1477812768442.99,11.88,1.20415E+12
2010,United States,2.56,14992052727000.00,4.92,738005000000.00,7161.43,2.89,15172073000000.00,4.36,1.26812E+13
2010,United Kingdom,2.13,2491110093454.18,2.58,63979111970.27,3230.62,2.96,2492137629336.72,3.70,2.09956E+12
2010,Brazil,7.53,2208838108577.09,1.54,34002944470.02,1358.50,6.57,2140606612822.76,4.53,1.91306E+12
2010,India,8.50,1675615335600.56,2.89,46090445656.50,561.65,7.96,1657660320258.90,9.96,1.44772E+12
2010,Mexico,5.12,1057801295584.05,0.45,4789031339.03,1531.76,5.66,1045220776511.55,5.67,8.37747E+11
2010,South Africa,3.04,417365076968.26,1.12,4188168092.20,2768.09,3.08,409233759697.86,3.52,3.04276E+11
2010,China,10.64,6087163874510.73,1.74,105522648101.84,1954.72,10.34,6061091977327.45,8.68,4.94059E+12
2010,World,4.49,66500496746881.50,2.52,1648404098865.89,1874.66,4.39,66362270072507.70,5.10,5.44554E+13
2011,Germany,3.93,3749314991050.59,1.21,45163212878.20,3869.82,4.46,3845325104620.63,3.87,3.17197E+12
2011,France,2.19,2865157541994.17,1.89,54120871009.50,3847.07,2.51,2941328117344.36,1.70,2.42671E+12
2011,Italy,0.71,2294994296589.50,1.48,33828804971.12,2828.40,0.67,2289189703989.30,-0.34,1.87823E+12
2011,Japan,0.02,6233147172341.35,0.99,60762213840.89,3610.81,0.23,6414396892358.66,-1.00,4.86878E+12
2011,Canada,3.15,1793326630174.52,1.19,21393720863.72,7911.55,3.22,1759453773319.65,4.49,1.46244E+12
2011,Russian Federation,4.30,2045925608274.37,3.43,70237523951.49,5049.43,4.27,1985526208275.05,9.58,1.60977E+12
2011,United States,1.55,15542581104000.00,4.84,752288000000.00,7029.95,1.70,15849978000000.00,1.97,1.32794E+13
2011,United Kingdom,1.46,2674891473843.81,2.50,66569552573.13,2972.15,1.76,2684173032857.85,1.11,2.25579E+12
2011,Brazil,3.97,2616156606666.62,1.41,36936209895.81,1367.19,4.50,2548929316459.11,3.28,2.26985E+12
2011,India,5.24,1823049927771.46,2.70,49633815793.70,577.99,5.45,1807018710050.81,4.95,1.5737E+12
2011,Mexico,3.66,1180489601957.61,0.47,5498458541.61,1587.07,3.23,1161743714472.00,1.68,9.1383E+11
2011,South Africa,3.17,458201514136.98,1.10,4594154077.95,2716.68,2.75,447481650755.40,2.72,3.35687E+11
2011,China,9.55,7551500124197.17,1.67,125286373164.01,2085.08,9.00,7481123496788.67,4.81,5.87846E+12
2011,World,3.34,73671458898770.50,2.41,1750480001086.26,1881.48,3.26,73593608646779.90,2.71,6.01673E+13
2012,Germany,0.42,3527143188785.16,1.24,43798225349.29,3876.95,0.26,3611772218601.56,-0.04,2.9728E+12
2012,France,0.31,2683671716967.19,1.87,50216507403.17,3836.66,-0.14,2742349300400.39,-0.42,2.25839E+12
2012,Italy,-2.98,2086957656821.60,1.43,29781008205.13,2709.30,-2.86,2084406580434.73,-3.76,1.70049E+12
2012,Japan,1.37,6272362996105.03,0.97,60011530194.70,3537.36,1.23,6445536590964.04,1.72,4.92754E+12
2012,Canada,1.76,1828366481521.60,1.12,20452107110.97,7733.41,1.89,1795919869603.49,1.40,1.4924E+12
2012,Russian Federation,4.02,2208295773643.15,3.69,81469399931.26,5167.01,3.89,2140634973644.45,4.07,1.73748E+12
2012,United States,2.25,16197007349000.00,4.48,725205000000.00,6872.03,2.16,16675595000000.00,3.86,1.40389E+13
2012,United Kingdom,1.47,2719158341005.79,2.42,65452487554.24,3042.86,0.10,2691109870177.34,0.16,2.2583E+12
2012,Brazil,1.92,2465228293894.01,1.38,33987005074.06,1413.73,2.00,2403719887833.94,-0.53,2.14965E+12
2012,India,5.46,1827637859135.70,2.62,47216920048.21,599.16,5.14,1806177662220.11,6.09,1.58107E+12
2012,Mexico,3.64,1201089987015.45,0.48,5717035574.62,1634.70,3.30,1177885199589.96,2.02,9.26299E+11
2012,South Africa,2.40,434400545085.81,1.13,4489590095.94,2636.68,2.26,423516734077.15,1.55,3.21027E+11
2012,China,7.86,8532229986993.65,1.69,145127609596.21,2149.60,8.63,8512412397984.89,10.27,6.84924E+12
2012,World,2.67,75311560526567.00,2.37,1757754747381.18,1891.70,2.65,75457294053043.00,-8.69,6.19621E+13
2013,Germany,0.44,3733804649549.03,1.19,44242647302.89,3939.53,0.36,3820263805783.93,0.53,3.14011E+12
2013,France,0.58,2811876903329.03,1.85,52001462447.66,3833.53,0.64,2874860245102.75,0.98,2.36719E+12
2013,Italy,-1.84,2141924094298.56,1.40,29957445904.52,2579.47,-1.89,2138212004378.95,-1.57,1.74273E+12
2013,Japan,2.01,5212328181166.18,0.95,49023932406.86,3567.63,2.66,5391605623511.27,2.73,4.14159E+12
2013,Canada,2.33,1846597421834.98,1.00,18515731209.94,7743.73,2.59,1818471075757.13,2.71,1.50979E+12
2013,Russian Federation,1.76,2292473246621.08,3.85,88352896463.56,5078.63,1.34,2212868846622.34,-0.36,1.79642E+12
2013,United States,1.84,16784849196000.00,4.05,679229000000.00,6905.60,1.78,17188331000000.00,1.38,1.4433E+13
2013,United Kingdom,1.89,2803291406029.93,2.29,63837724855.43,2987.70,0.87,2746456576321.28,1.67,2.30574E+12
2013,Brazil,3.00,2472819362216.69,1.33,32874787230.59,1461.08,4.19,2438459112627.54,4.28,2.18698E+12
2013,India,6.39,1856722121394.53,2.55,47403528801.42,605.79,6.31,1833601556952.76,6.24,1.60043E+12
2013,Mexico,1.35,1274443084716.57,0.51,6473144378.33,1616.61,0.37,1237366326260.57,-0.13,9.80492E+11
2013,South Africa,2.49,400886013595.57,1.12,4118208483.43,2602.85,2.59,391194711860.89,1.65,2.96129E+11
2013,China,7.77,9570406235659.64,1.70,164070469321.74,2204.24,7.14,9492579024339.07,5.96,7.6353E+12
2013,World,2.84,77443227662994.00,2.30,1755592694729.90,1894.11,2.71,77447489840752.30,2.37,6.37293E+13
2014,Germany,2.21,3889093051023.52,1.15,44662831167.68,3779.46,1.91,3967012279025.08,2.43,3.26378E+12
2014,France,0.96,2855964488590.19,1.86,53134750898.80,3659.09,0.89,2917864654134.50,1.16,2.39958E+12
2014,Italy,0.00,2162009615996.54,1.28,27701034334.94,2414.48,0.18,2162198395957.99,0.96,1.76415E+12
2014,Japan,0.30,4896994405353.29,0.97,46903466612.52,3470.76,0.56,5079021304760.51,0.49,3.90112E+12
2014,Canada,2.87,1805749878439.94,0.99,17853640477.68,7897.86,2.78,1776572160702.32,2.32,1.47437E+12
2014,Russian Federation,0.74,2059241965490.83,4.11,84696504653.50,4942.88,0.97,1991279765491.87,-0.41,1.60771E+12
2014,United States,2.53,17527163695000.00,3.70,647789000000.00,6960.68,2.50,18043094000000.00,3.26,1.51875E+13
2014,United Kingdom,2.99,3087165602962.86,2.18,66995468654.29,2777.31,2.93,3023235858086.71,3.99,2.55086E+12
2014,Brazil,0.50,2456043766028.73,1.33,32660239369.45,1495.54,0.02,2410277002766.78,-0.45,2.16447E+12
2014,India,7.41,2039127446298.55,2.54,50914096277.08,636.57,7.49,2015015376660.84,6.48,1.77316E+12
2014,Mexico,2.85,1315351183524.54,0.51,6758693845.00,1561.87,3.32,1283058447244.69,5.31,1.03127E+12
2014,South Africa,1.41,381198869776.11,1.11,3892485091.07,2695.51,1.36,371745234720.22,1.54,2.85612E+11
2014,China,7.43,10475682920597.70,1.73,182109325991.68,2224.35,8.44,10488982516424.10,8.67,8.46484E+12
2014,World,3.12,79575525744225.70,2.25,1754186626365.62,1919.99,3.25,79793992465023.20,3.42,6.58649E+13
2015,Germany,1.49,3357585719351.56,1.14,38170021071.31,3817.55,1.78,3434101056827.73,2.86,2.83414E+12
2015,France,1.11,2439188643162.50,1.87,45647471640.50,3692.02,1.13,2491864986670.70,2.45,2.05609E+12
2015,Italy,0.78,1836637711060.55,1.21,22180845070.42,2481.75,0.07,1823940556491.52,0.77,1.48946E+12
2015,Japan,1.56,4444930651964.18,0.96,42106103305.79,3428.56,1.83,4619771168713.41,3.69,3.56756E+12
2015,Canada,0.66,1556508816217.14,1.15,17937641894.74,7631.34,0.78,1532663548013.94,-2.38,1.26167E+12
2015,Russian Federation,-1.97,1363481063446.77,4.87,66421822179.92,,-1.21,1325732263446.11,-5.82,1.08206E+12
2015,United States,3.08,18238300569000.00,3.48,633829639000.00,6804.00,2.95,18660910000000.00,3.41,1.57866E+13
2015,United Kingdom,2.62,2956573778737.76,2.05,59990205719.32,2764.52,2.28,2886069892475.58,3.01,2.4376E+12
2015,Brazil,-3.55,1802211999538.68,1.37,24617701683.07,,-3.56,1768299908799.19,-4.69,1.60133E+12
2015,India,8.00,2103587813812.75,2.46,51295483753.94,,8.02,2079182325742.91,9.09,1.84138E+12
2015,Mexico,3.29,1171867608197.72,0.47,5468837811.92,1537.26,3.20,1141602672778.78,3.21,9.30859E+11
2015,South Africa,1.32,346709790458.56,1.10,3488867947.84,,1.50,338766618711.13,3.42,2.62138E+11
2015,China,7.04,11061553079871.50,1.75,196538827230.79,,6.40,11008770774789.20,7.21,8.9483E+12
2015,World,3.17,75117144172406.30,2.26,1652927079296.55,,3.09,75237313035115.90,3.20,6.24659E+13
2016,Germany,2.23,3469853463945.53,1.15,39855047309.43,,2.45,3555930677612.46,3.20,2.93351E+12
2016,France,1.10,2472964344587.17,1.92,47370589552.63,,1.06,2525276585700.01,1.23,2.08062E+12
2016,Italy,1.29,1877071687633.78,1.33,25033027894.68,,2.29,1882461088199.89,3.86,1.54803E+12
2016,Japan,0.75,5003677627544.24,0.94,46471287714.25,,0.34,5177794688417.20,0.87,3.98849E+12
2016,Canada,1.00,1527994741907.43,1.16,17782775543.07,,1.32,1509327936731.45,0.64,1.23915E+12
2016,Russian Federation,0.19,1276786979221.81,5.43,69245294552.85,,0.29,1241290379222.41,-3.69,1.01196E+12
2016,United States,1.71,18745075687000.00,3.42,639856443000.00,,1.74,19020479000000.00,0.99,1.60418E+13
2016,United Kingdom,2.26,2722851958486.23,1.98,53327327634.38,,2.14,2654615868380.82,2.12,2.23319E+12
2016,Brazil,-3.28,1795693265810.23,1.35,24224746901.47,,-3.52,1757596906008.68,-3.56,1.59645E+12
2016,India,8.26,2294797980509.01,2.54,56637622640.87,,7.30,2247940124045.80,7.47,1.99445E+12
2016,Mexico,2.63,1078490651625.31,0.50,5336875740.46,,2.53,1049583160881.05,2.09,8.5163E+11
2016,South Africa,0.66,323585509674.48,1.07,3139312128.42,,0.38,315294078694.39,-0.20,2.41507E+11
2016,China,6.85,11233276536744.70,1.77,198538361427.55,,6.83,11177576943336.60,7.60,9.18543E+12
2016,World,2.83,76313195980325.60,2.22,1649136733237.66,,2.78,76290457203130.00,2.65,6.34002E+13
2017,Germany,2.68,3690849152517.65,1.15,42210258091.05,,2.57,3778789183700.01,2.05,3.102E+12
2017,France,2.29,2595151045197.65,1.91,49195662250.32,,2.43,2653805221561.18,1.73,2.18581E+12
2017,Italy,1.67,1961796197354.36,1.36,26447892915.43,,1.94,1972734900186.12,1.55,1.62621E+12
2017,Japan,1.68,4930837369151.42,0.93,45387031801.87,,1.87,5113251596855.53,1.81,3.95851E+12
2017,Canada,3.04,1649265644244.09,1.35,22269696323.32,,2.97,1628291572163.23,5.11,1.35079E+12
2017,Russian Federation,1.83,1574199387070.90,4.25,66913033536.78,,1.87,1532146087071.58,3.12,1.23467E+12
2017,United States,2.33,19542979183000.00,3.31,646752927000.00,,2.61,19893073000000.00,2.61,1.66833E+13
2017,United Kingdom,2.13,2699016715111.39,1.95,51633539217.16,,3.41,2664014258149.29,2.77,2.22914E+12
2017,Brazil,1.32,2063514688761.98,1.41,29261833096.67,,1.59,2024937157759.68,2.92,1.83286E+12
2017,India,6.80,2651472946374.91,2.53,64559435280.69,,7.82,2622799774505.90,8.66,2.32205E+12
2017,Mexico,2.11,1158913035796.37,0.44,5062076645.82,,2.17,1128823076215.89,2.69,9.08861E+11
2017,South Africa,1.16,381448814653.46,1.03,3591507613.37,,0.91,370872982190.21,2.56,2.85772E+11
2017,China,6.95,12310409370894.20,1.75,210443034740.97,,7.34,12294278570160.40,7.15,1.01989E+13
2017,World,3.39,81224639219699.20,2.17,1717984424980.38,,3.56,81326596674463.70,3.71,6.75058E+13
2018,Germany,1.09,3977289455388.23,1.17,46423020903.41,,1.90,4105202181208.62,1.49,3.33812E+12
2018,France,1.87,2790956878746.66,1.85,51409812838.59,,1.91,2855661376338.82,1.56,2.34085E+12
2018,Italy,0.93,2091932426266.98,1.36,28420098438.44,,1.48,2115036620296.78,1.67,1.74547E+12
2018,Japan,0.56,5036891740656.35,0.94,46617954863.95,,0.64,5228740953171.49,-0.89,4.02155E+12
2018,Canada,2.78,1725329192783.02,1.32,22729327580.34,,2.33,1695996608536.10,1.83,1.3988E+12
2018,Russian Federation,2.81,1657328865709.99,3.69,61609204756.42,,2.94,1616936975710.13,5.44,1.28605E+12
2018,United States,3.00,20611860934000.00,3.32,682491400000.00,,2.92,20946778000000.00,2.72,1.7499E+13
2018,United Kingdom,1.65,2900791442554.06,1.95,55680228214.99,,1.54,2860062056365.28,1.15,2.3816E+12
2018,Brazil,1.78,1916933708381.89,1.49,28177406872.26,,0.83,1863630803617.06,1.17,1.6445E+12
2018,India,6.53,2701111782775.03,2.43,66257801718.28,,6.55,2672176417222.40,5.88,2.37076E+12
2018,Mexico,2.19,1222408203104.30,0.48,5839521271.02,,2.06,1189348943427.40,1.82,9.49044E+11
2018,South Africa,1.49,404842116738.07,0.98,3622918742.55,,1.49,393553305427.73,0.65,2.99491E+11
2018,China,6.75,13894817549380.30,1.74,232530595985.27,,6.42,13833789298669.90,4.17,1.13891E+13
2018,World,3.27,86274296671018.80,2.15,1801948433102.08,,3.14,86250555749879.40,2.54,7.12964E+13
2019,Germany,1.06,3888326788627.44,1.27,49007512315.27,,1.09,4014394171599.99,0.97,3.24837E+12
2019,France,1.84,2728870246705.88,1.85,50118929211.93,,1.68,2787416524619.60,1.66,2.2679E+12
2019,Italy,0.41,2009383867307.45,1.32,26380673981.19,,0.17,2026751394852.55,0.36,1.66615E+12
2019,Japan,0.27,5148781948478.17,0.94,47609019987.34,,0.33,5347812922664.73,0.20,4.10128E+12
2019,Canada,1.88,1742015045482.31,1.28,22204408440.09,,2.32,1719638539211.23,2.42,1.42214E+12
2019,Russian Federation,2.03,1687448525466.61,3.83,65201335848.36,,1.26,1633927975465.61,-0.19,1.31211E+12
2019,United States,2.16,21433224697000.00,3.43,734344100000.00,,1.98,21708650000000.00,1.87,1.81958E+13
2019,United Kingdom,1.67,2878673912414.44,2.01,56856133066.01,,2.52,2862006503513.51,,
2019,Brazil,1.41,1877824273720.78,1.41,25906871196.75,,1.52,1827526207376.14,1.85,1.61006E+12
2019,India,4.04,2870504096717.77,2.52,71468900524.30,,4.16,2843265469943.72,4.71,2.48956E+12
2019,Mexico,-0.18,1269433932805.91,0.52,6650808254.07,,-0.41,1232520571232.79,0.98,9.88698E+11
2019,South Africa,0.11,387934574098.17,0.98,3435736037.10,,0.39,378250733672.93,1.28,2.84723E+11
2019,China,5.95,14279937467431.00,1.73,240332555458.15,,6.12,14239928203346.70,3.80,1.1732E+13
2019,World,2.60,87568054060440.90,2.19,1859927966296.32,,2.67,87532713747250.20,2.28,7.24882E+13
2020,Germany,-4.57,3846413928653.71,1.40,52764761199.13,,-4.97,3953466258964.99,,
2020,France,-7.86,2630317731455.26,2.07,52747064858.09,,-8.36,2671813716093.39,,
2020,Italy,-8.94,1888709443687.48,1.57,28921342756.18,,-8.60,1911916584229.11,,
2020,Japan,-4.59,5057758958706.64,1.00,49148557003.29,,,,,
2020,Canada,-5.23,1645423407568.36,1.42,22754847129.01,,-5.06,1627048914857.45,,
2020,Russian Federation,-2.95,1483497784867.60,4.26,61712537168.94,,-2.00,1448704617346.39,,
2020,United States,-3.40,20953030000000.00,3.74,778232200000.00,,-3.58,21286637000000.00,,
2020,United Kingdom,-9.40,2759804061837.07,2.25,59238462250.00,,-10.23,2723174554778.90,,
2020,Brazil,-4.06,1444733258971.65,1.44,19736347758.59,,-3.33,1417068693062.22,,
2020,India,-7.25,2660245248867.63,2.88,72887446604.30,,-7.25,2635412344092.96,,
2020,Mexico,-8.31,1073915880822.50,0.57,6116376582.28,,-8.79,1037040166520.83,,
2020,South Africa,-6.43,335442101366.42,1.07,3150828880.25,,-5.67,329818707620.71,,
2020,China,2.35,14722730697890.10,1.75,252304223741.31,,1.91,14618341351727.30,,
2020,World,-3.29,84746978784172.80,2.36,1928852478357.60,,-3.36,84747279323839.70,,