year;civil_conflicts;state_intervention;conflict_between_states;total;GDP growth (annual %) [NY.GDP.MKTP.KD.ZG] - Germany [DEU];GDP growth (annual %) [NY.GDP.MKTP.KD.ZG] - France [FRA];GDP growth (annual %) [NY.GDP.MKTP.KD.ZG] - Italy [ITA];GDP growth (annual %) [NY.GDP.MKTP.KD.ZG] - Japan [JPN];GDP growth (annual %) [NY.GDP.MKTP.KD.ZG] - Canada [CAN];GDP growth (annual %) [NY.GDP.MKTP.KD.ZG] - Russian Federation [RUS];GDP growth (annual %) [NY.GDP.MKTP.KD.ZG] - United States [USA];GDP growth (annual %) [NY.GDP.MKTP.KD.ZG] - United Kingdom [GBR];GDP growth (annual %) [NY.GDP.MKTP.KD.ZG] - Brazil [BRA];GDP growth (annual %) [NY.GDP.MKTP.KD.ZG] - India [IND];GDP growth (annual %) [NY.GDP.MKTP.KD.ZG] - Mexico [MEX];GDP growth (annual %) [NY.GDP.MKTP.KD.ZG] - South Africa [ZAF];GDP growth (annual %) [NY.GDP.MKTP.KD.ZG] - China [CHN];GDP growth (annual %) [NY.GDP.MKTP.KD.ZG] - World [WLD];GDP (current US$) [NY.GDP.MKTP.CD] - Germany [DEU];GDP (current US$) [NY.GDP.MKTP.CD] - France [FRA];GDP (current US$) [NY.GDP.MKTP.CD] - Italy [ITA];GDP (current US$) [NY.GDP.MKTP.CD] - Japan [JPN];GDP (current US$) [NY.GDP.MKTP.CD] - Canada [CAN];GDP (current US$) [NY.GDP.MKTP.CD] - Russian Federation [RUS];GDP (current US$) [NY.GDP.MKTP.CD] - United States [USA];GDP (current US$) [NY.GDP.MKTP.CD] - United Kingdom [GBR];GDP (current US$) [NY.GDP.MKTP.CD] - Brazil [BRA];GDP (current US$) [NY.GDP.MKTP.CD] - India [IND];GDP (current US$) [NY.GDP.MKTP.CD] - Mexico [MEX];GDP (current US$) [NY.GDP.MKTP.CD] - South Africa [ZAF];GDP (current US$) [NY.GDP.MKTP.CD] - China [CHN];GDP (current US$) [NY.GDP.MKTP.CD] - World [WLD];Military expenditure (% of GDP) [MS.MIL.XPND.GD.ZS] - Germany [DEU];Military expenditure (% of GDP) [MS.MIL.XPND.GD.ZS] - France [FRA];Military expenditure (% of GDP) [MS.MIL.XPND.GD.ZS] - Italy [ITA];Military expenditure (% of GDP) [MS.MIL.XPND.GD.ZS] - Japan [JPN];Military expenditure (% of GDP) [MS.MIL.XPND.GD.ZS] - Canada [CAN];Military expenditure (% of GDP) [MS.MIL.XPND.GD.ZS] - Russian Federation [RUS];Military expenditure (% of GDP) [MS.MIL.XPND.GD.ZS] - United States [USA];Military expenditure (% of GDP) [MS.MIL.XPND.GD.ZS] - United Kingdom [GBR];Military expenditure (% of GDP) [MS.MIL.XPND.GD.ZS] - Brazil [BRA];Military expenditure (% of GDP) [MS.MIL.XPND.GD.ZS] - India [IND];Military expenditure (% of GDP) [MS.MIL.XPND.GD.ZS] - Mexico [MEX];Military expenditure (% of GDP) [MS.MIL.XPND.GD.ZS] - South Africa [ZAF];Military expenditure (% of GDP) [MS.MIL.XPND.GD.ZS] - China [CHN];Military expenditure (% of GDP) [MS.MIL.XPND.GD.ZS] - World [WLD];Military expenditure (current USD) [MS.MIL.XPND.CD] - Germany [DEU];Military expenditure (current USD) [MS.MIL.XPND.CD] - France [FRA];Military expenditure (current USD) [MS.MIL.XPND.CD] - Italy [ITA];Military expenditure (current USD) [MS.MIL.XPND.CD] - Japan [JPN];Military expenditure (current USD) [MS.MIL.XPND.CD] - Canada [CAN];Military expenditure (current USD) [MS.MIL.XPND.CD] - Russian Federation [RUS];Military expenditure (current USD) [MS.MIL.XPND.CD] - United States [USA];Military expenditure (current USD) [MS.MIL.XPND.CD] - United Kingdom [GBR];Military expenditure (current USD) [MS.MIL.XPND.CD] - Brazil [BRA];Military expenditure (current USD) [MS.MIL.XPND.CD] - India [IND];Military expenditure (current USD) [MS.MIL.XPND.CD] - Mexico [MEX];Military expenditure (current USD) [MS.MIL.XPND.CD] - South Africa [ZAF];Military expenditure (current USD) [MS.MIL.XPND.CD] - China [CHN];Military expenditure (current USD) [MS.MIL.XPND.CD] - World [WLD];Birth rate, crude (per 1,000 people) [SP.DYN.CBRT.IN] - Germany [DEU];Birth rate, crude (per 1,000 people) [SP.DYN.CBRT.IN] - France [FRA];Birth rate, crude (per 1,000 people) [SP.DYN.CBRT.IN] - Italy [ITA];Birth rate, crude (per 1,000 people) [SP.DYN.CBRT.IN] - Japan [JPN];Birth rate, crude (per 1,000 people) [SP.DYN.CBRT.IN] - Canada [CAN];Birth rate, crude (per 1,000 people) [SP.DYN.CBRT.IN] - Russian Federation [RUS];Birth rate, crude (per 1,000 people) [SP.DYN.CBRT.IN] - United States [USA];Birth rate, crude (per 1,000 people) [SP.DYN.CBRT.IN] - United Kingdom [GBR];Birth rate, crude (per 1,000 people) [SP.DYN.CBRT.IN] - Brazil [BRA];Birth rate, crude (per 1,000 people) [SP.DYN.CBRT.IN] - India [IND];Birth rate, crude (per 1,000 people) [SP.DYN.CBRT.IN] - Mexico [MEX];Birth rate, crude (per 1,000 people) [SP.DYN.CBRT.IN] - South Africa [ZAF];Birth rate, crude (per 1,000 people) [SP.DYN.CBRT.IN] - China [CHN];Birth rate, crude (per 1,000 people) [SP.DYN.CBRT.IN] - World [WLD];Life expectancy at birth, total (years) [SP.DYN.LE00.IN] - Germany [DEU];Life expectancy at birth, total (years) [SP.DYN.LE00.IN] - France [FRA];Life expectancy at birth, total (years) [SP.DYN.LE00.IN] - Italy [ITA];Life expectancy at birth, total (years) [SP.DYN.LE00.IN] - Japan [JPN];Life expectancy at birth, total (years) [SP.DYN.LE00.IN] - Canada [CAN];Life expectancy at birth, total (years) [SP.DYN.LE00.IN] - Russian Federation [RUS];Life expectancy at birth, total (years) [SP.DYN.LE00.IN] - United States [USA];Life expectancy at birth, total (years) [SP.DYN.LE00.IN] - United Kingdom [GBR];Life expectancy at birth, total (years) [SP.DYN.LE00.IN] - Brazil [BRA];Life expectancy at birth, total (years) [SP.DYN.LE00.IN] - India [IND];Life expectancy at birth, total (years) [SP.DYN.LE00.IN] - Mexico [MEX];Life expectancy at birth, total (years) [SP.DYN.LE00.IN] - South Africa [ZAF];Life expectancy at birth, total (years) [SP.DYN.LE00.IN] - China [CHN];Life expectancy at birth, total (years) [SP.DYN.LE00.IN] - World [WLD];Energy use (kg of oil equivalent per capita) [EG.USE.PCAP.KG.OE] - Germany [DEU];Energy use (kg of oil equivalent per capita) [EG.USE.PCAP.KG.OE] - France [FRA];Energy use (kg of oil equivalent per capita) [EG.USE.PCAP.KG.OE] - Italy [ITA];Energy use (kg of oil equivalent per capita) [EG.USE.PCAP.KG.OE] - Japan [JPN];Energy use (kg of oil equivalent per capita) [EG.USE.PCAP.KG.OE] - Canada [CAN];Energy use (kg of oil equivalent per capita) [EG.USE.PCAP.KG.OE] - Russian Federation [RUS];Energy use (kg of oil equivalent per capita) [EG.USE.PCAP.KG.OE] - United States [USA];Energy use (kg of oil equivalent per capita) [EG.USE.PCAP.KG.OE] - United Kingdom [GBR];Energy use (kg of oil equivalent per capita) [EG.USE.PCAP.KG.OE] - Brazil [BRA];Energy use (kg of oil equivalent per capita) [EG.USE.PCAP.KG.OE] - India [IND];Energy use (kg of oil equivalent per capita) [EG.USE.PCAP.KG.OE] - Mexico [MEX];Energy use (kg of oil equivalent per capita) [EG.USE.PCAP.KG.OE] - South Africa [ZAF];Energy use (kg of oil equivalent per capita) [EG.USE.PCAP.KG.OE] - China [CHN];Energy use (kg of oil equivalent per capita) [EG.USE.PCAP.KG.OE] - World [WLD]
1989;33;5;2;40;3,896551692;4,343861063;3,388383454;4,858037686;;;3,672648159;2,577602692;3,16;5,947343328;4,105509331;2,394784159;4,206334355;3,74060573;1,39897E+12;1,02521E+12;9,28661E+11;3,05491E+12;5,65056E+11;5,065E+11;5,64158E+12;9,26885E+11;3,47028E+11;2,96042E+11;2,21401E+11;99030856825;3,47768E+11;2,01713E+13;2,532430534;2,879935312;2,02642732;0,940781036;1,934614309;;5,871206008;4,040954332;2,68625;3,534179728;0,517255829;4,357884741;2,447101315;3,44479993;31631605145;29665454335;17675486539;27966353542;10747134689;;3,21867E+11;37456646813;8761486966;10589796925;1153375828;4181886467;11251332630;6,58524E+11;11,2;13,6;9,9;10,2;14,9;14,6;16,4;13,6;25,534;32,121;29,352;31,408;21,58;26,27383124;75,01314634;76,34878049;76,8195122;78,81804878;77,1195122;69,17170732;75,01707317;75,58292683;65,947;57,4;70,469;63,035;69,054;65,24704931;4514,704706;3795,900235;2566,108925;3352,005932;7963,297905;;7890,287202;3626,297861;993,9052667;342,700996;1426,671258;2585,623273;724,1161051;1475,933158
1990;44;3;2;49;5,255006083;2,923935081;1,985774943;4,892713066;;-2,999995642;1,885964958;0,73375552;-4,35;5,533454563;5,175768386;-0,317785676;3,920251368;2,876245079;1,77167E+12;1,26918E+12;1,18122E+12;3,13282E+12;5,9393E+11;5,16814E+11;5,96314E+12;1,09317E+12;3,90726E+11;3,20979E+11;2,61254E+11;1,15552E+11;3,60858E+11;2,27395E+13;2,518432707;2,805267627;1,880798413;0,941791766;1,958793742;;5,605175294;3,983217695;2,363841025;3,14621461;0,433081035;3,896351478;2,454016116;3,310428009;39834666880;35774430325;20734625579;28800451682;11414631847;;3,25129E+11;43545094840;9236296955;10537035450;1210872502;4364458204;9926349251;7,13011E+11;11,4;13,4;10;10;15;13,4;16,7;13,9;24,844;31,517;28,802;30,312;21,06;25,87870079;75,2277561;76,6;76,97073171;78,83682927;77,42195122;68,88609756;75,21463415;75,8804878;66,343;57,865;70,866;63,307;69,145;65,43323283;4421,364531;3846,625257;2583,888077;3552,858582;7630,092306;5941,586256;7671,773066;3597,051621;940,9658549;350,0757335;1473,38861;2471,598122;766,9953294;1663,807337
1991;48;2;2;52;5,108261522;1,048175847;1,538447558;3,417496762;;-5,046939451;-0,108264787;-1,103121662;1,032189585;1,056831433;4,214754839;-1,018219873;9,262786084;1,446499134;1,86895E+12;1,26928E+12;1,24622E+12;3,58442E+12;6,10328E+11;5,17963E+11;6,15813E+12;1,1428E+12;3,42609E+11;2,70105E+11;3,13143E+11;1,23943E+11;3,83373E+11;2,3707E+13;1,997834988;2,812136438;1,858852684;0,940821904;1,895444339;;4,883429398;4,116802423;1,963333333;2,909974328;0,435402301;3,222633894;2,311243412;3,010712767;37196729730;35869120915;21585706772;32785415754;11338503299;;2,99373E+11;47045457327;6694665295;8622473881;1459136041;3874415135;9802375366;6,98285E+11;10,4;13,2;9,9;9,9;14,4;12,1;16,2;13,8;24,245;30,924;28,24;29,194;19,68;25,21133245;75,3195122;76,84878049;77,0195122;79,10073171;77,62195122;68,47439024;75,36585366;76,08292683;66,742;58,353;71,248;63,384;69,242;65,61838085;4302,891175;4043,09916;2645,673237;3574,005929;7517,330304;5870,233857;7631,467806;3707,951971;942,0380381;357,3667628;1518,489277;2518,117842;736,8518014;1649,653827
1992;44;4;1;49;1,923076559;1,599342677;0,834275454;0,848069581;;-14,53107377;3,522440523;0,401082076;-0,544072051;5,482396022;3,541102416;-2,137056889;14,22452959;2,056125611;2,13157E+12;1,40147E+12;1,32016E+12;3,90881E+12;5,92388E+11;4,60291E+11;6,52033E+12;1,17966E+12;3,28188E+11;2,88208E+11;3,63158E+11;1,34545E+11;4,26916E+11;2,53937E+13;1,860479941;2,690660711;1,751976983;0,94831244;1,8616877;4,427032321;4,970466808;3,864717766;1,521528861;2,704839706;0,469454656;2,817650615;2,449542068;2,942947811;39502452271;37902269821;22177090390;35999123576;10788803124;;3,25034E+11;45592591818;4993804467;8083231410;1824550066;3677406461;12244267842;7,30299E+11;10;13,1;10;9,8;14,1;10,7;15,8;13,6;23,721;30,348;27,681;28,095;18,27;24,5785773;75,8195122;77,1;77,4195122;79,15390244;77,72439024;66,87317073;75,61707317;76,43414634;67,141;58,851;71,61;63,247;69,355;65,77001658;4190,98422;3954,003261;2627,340008;3644,19476;7601,685177;5356,50974;7677,401401;3684,724535;935,7464624;363,0783448;1503,678122;2290,666487;752,6286625;1621,337067
1993;37;6;0;43;-0,976849818;-0,628666352;-0,852805764;-0,517919847;;-8,668540341;2,751781042;2,489830985;4,924690005;4,75077622;1,941155848;1,233519913;13,8837293;1,808166661;2,07132E+12;1,32282E+12;1,06496E+12;4,45414E+12;5,77171E+11;4,35084E+11;6,85856E+12;1,06139E+12;3,68296E+11;2,79296E+11;5,00736E+11;1,47197E+11;4,44731E+11;2,58225E+13;1,693538323;2,689534806;1,786767973;0,950663825;1,821753504;4,181324647;4,604350295;3,590649512;1,927922815;2,823542246;0,442785494;2,495523698;1,928066874;2,766360016;35030537589;35775273293;18242013901;41353936222;10268822622;7766720078;3,16719E+11;38113206791;7099899155;8253542581;2122980338;3254313379;12360225861;6,98673E+11;9,8;13;9,7;9,6;13,5;9,4;15,4;13,2;23,252;29,792;27,134;27,055;18,09;24,18120437;75,87073171;77,3;77,72195122;79,29365854;77,82439024;64,93585366;75,4195122;76,38536585;67,539;59,349;71,953;62,894;69,496;65,8844036;4122,69574;4001,902202;2611,990438;3655,966843;7770,546448;5059,864625;7709,496589;3713,185819;943,3269952;364,5144994;1502,215639;2395,381195;788,1287236;1613,038722
1994;46;2;0;48;2,391892071;2,358342181;2,151023638;0,993066363;;-12,56975598;4,028793263;3,846009168;5,852870364;6,658924067;4,941080676;3,200000003;13,03680663;3,296899035;2,20507E+12;1,39398E+12;1,09922E+12;4,9988E+12;5,78139E+11;3,95077E+11;7,28724E+12;1,14049E+12;5,2537E+11;3,27276E+11;5,27813E+11;1,53513E+11;5,64325E+11;2,78724E+13;1,550276433;2,66037496;1,71374276;0,9228718;1,696680257;4,523700655;4,215264675;3,381933718;2,016007789;2,664673727;0,518830327;2,561965901;1,693479599;2,579826305;34197705640;37288606060;18062459082;45285594083;9577377640;13547871733;3,08084E+11;38569013505;10591499118;8880551226;2635284079;3478582291;9867120066;7,07808E+11;9,5;12,5;9,4;10;13,3;9,5;15;13;22,826;29,258;26,604;26,107;17,7;23,80487594;76,27073171;77,64878049;77,92195122;79,68707317;77,82682927;64,46707317;75,6195122;76,88536585;67,932;59,84;72,279;62,331;69,67;66,08777234;4088,79813;3836,111834;2578,465978;3844,28668;7957,245633;4426,668195;7757,830822;3732,521114;976,9821774;371,2259141;1509,939317;2420,083112;816,16289;1599,006331
1995;37;2;1;40;1,544146496;2,106695253;2,886836759;2,630999616;;-4,143528406;2,684217275;2,531670005;4,223793634;7,57449184;-6,291230821;3,100000001;10,95395434;3,089353902;2,58579E+12;1,60109E+12;1,17466E+12;5,54556E+12;6,04032E+11;3,95537E+11;7,63975E+12;1,34642E+12;7,69333E+11;3,60282E+11;3,60074E+11;1,71735E+11;7,34548E+11;3,10438E+13;1,495022014;2,492496189;1,467843143;0,916876617;1,554090071;3,784429967;3,860245792;2,854199491;1,86213698;2,578483572;0,450891531;2,117864047;1,686233887;2,386050344;38742699103;40124024138;17185853004;49961673237;9176903908;12741629470;2,95853E+11;38294283080;14318919608;9754464630;1562615372;3292446562;12385129475;7,26591E+11;9,4;12,8;9,2;9,54;12,9;9,3;14,6;12,6;22,424;28,749;26,096;25,276;17,12;23,36945847;76,42195122;77,75121951;78,17073171;79,53634146;78,02926829;64,69073171;75,62195122;76,83658537;68,318;60,32;72,598;61,561;69,885;66,27421726;4119,688948;3981,352175;2799,375762;3934,959561;7979,898446;4290,693467;7763,755106;3728,963152;994,2898492;385,0918574;1437,646881;2498,893625;866,8343743;1616,153204
1996;36;3;2;41;0,805822891;1,412993673;1,266784802;3,133870993;;-3,755069439;3,772565502;2,428542895;2,208864051;7,549522249;6,773258694;4,299999997;9,922556752;3,61366186;2,49724E+12;1,60568E+12;1,31243E+12;4,92339E+12;6,28546E+11;3,91725E+11;8,07312E+12;1,42151E+12;8,50426E+11;3,92897E+11;4,10976E+11;1,63237E+11;8,63747E+11;3,17363E+13;1,46585846;2,414473951;1,588492279;0,911247076;1,403752581;3,756558821;3,554982206;2,724592322;1,6548435;2,472768225;0,476484778;1,755878798;1,65272667;2,316214592;36701189772;38977734096;20793128832;44047104680;8615884471;15826340652;2,87961E+11;38566134645;14073226545;9904672736;1882873103;2591787131;14275400820;7,24515E+11;9,7;12,8;9,3;9,6;12,4;8,9;14,4;12,6;22,022;28,262;25,611;24,572;16,98;23,08123956;76,67317073;77,95365854;78,52195122;80,2002439;78,1804878;65,85414634;76,02682927;77,08780488;68,695;60,783;72,925;60,595;70,14;66,55851752;4246,553191;4191,924184;2796,154736;4008,476236;8053,454858;4252,611619;7844,468266;3879,822786;1030,668072;389,426516;1445,933653;2504,903115;881,6537374;1633,306698
1997;35;4;1;40;1,792160821;2,336296529;1,830212234;0,981228732;;1,399915805;4,381775174;4,90902574;3,394845985;4,049820849;6,846852279;2,600000001;9,236779892;3,869031493;2,21199E+12;1,45288E+12;1,24188E+12;4,49245E+12;6,54987E+11;4,04929E+11;8,57755E+12;1,55957E+12;8,83206E+11;4,15868E+11;5,00413E+11;1,68977E+11;9,61604E+11;3,16198E+13;1,409301733;2,375409653;1,626692799;0,920437898;1,246243202;4,039809297;3,405562244;2,560148772;1,577688316;2,647732426;0,458095854;1,582133557;1,632650673;2,321066884;31267710403;34697904099;20156102258;40634840608;7945140183;17577353181;2,93168E+11;39889947449;13934266552;11464883390;2184061042;2414137710;15699586769;7,24579E+11;9,9;12,7;9,4;9,5;11,7;8,6;14,2;12,5;21,601;27,789;25,148;23,983;16,57;22,75077752;77,07317073;78,30487805;78,82439024;80,42414634;78,43170732;66,69878049;76,42926829;77,21097561;69,061;61,233;73,268;59,489;70,428;66,84339002;4203,357367;4049,233183;2834,402946;4041,16767;8056,243628;4069,687292;7828,581096;3760,712365;1066,186951;397,3781855;1498,001882;2527,940174;871,7563238;1626,405525
1998;32;6;2;40;2,013932785;3,588659425;1,810615162;-1,270330495;2,79654248;-5,299961625;4,481407561;3,153973375;0,338097902;6,184415821;5,163925168;0,5;7,845951788;2,793174031;2,23899E+12;1,50311E+12;1,27005E+12;4,09836E+12;6,34E+11;2,70955E+11;9,06282E+12;1,65339E+12;8,63711E+11;4,21351E+11;5,26502E+11;1,52983E+11;1,02904E+12;3,15397E+13;1,390894786;2,226208307;1,644508879;0,938594775;1,256293902;2,732649089;3,201558499;2,495962275;1,66229192;2,727311417;0,450450487;1,383166723;1,655080691;2,270464717;31200768078;33633561283;20825125352;37849012643;7748607984;7955730401;2,90996E+11;41222125833;14357357047;11920610818;2263223453;1905656009;17031780200;7,06829E+11;9,6;12,8;9,4;9,6;11,4;8,8;14,3;12,3;21,147;27,324;24,702;23,499;15,64;22,33767708;77,47560976;78,60487805;78,97560976;80,50146341;78,63414634;67,0297561;76,5804878;77,1902439;69,419;61,669;73,625;58,315;70,737;67,08649921;4177,294129;4151,62747;2912,947365;3955,627627;7948,397278;3981,499468;7803,697605;3787,108452;1075,199081;399,4988292;1516,610834;2471,477036;869,3586073;1611,335079
1999;32;6;2;40;1,887261154;3,421373799;1,625727599;-0,333929958;3,970482637;6,39991469;4,753235983;2,990111445;0,467937567;8,845755561;2,753554247;2,399999997;7,661651501;3,504418436;2,19495E+12;1,49315E+12;1,25245E+12;4,63598E+12;6,78412E+11;1,95907E+11;9,63066E+12;1,68576E+12;5,99642E+11;4,5882E+11;6,00233E+11;1,51517E+11;1,094E+12;3,27366E+13;1,395074355;2,17784297;1,683299798;0,945248337;1,241703064;3,073287922;3,085676783;2,422909593;1,645474667;2,957195647;0,460988776;1,272052931;1,871465914;2,217357621;30690158426;32672714285;21016456910;43122898505;8210778540;6469035211;2,98095E+11;40760400667;9866973919;13895562461;2652912012;1738036625;20473915095;7,20489E+11;9,4;12,9;9,4;9,3;11,1;8,3;14,2;11,9;20,654;26,861;24,272;23,119;14,64;21,91168366;77,72682927;78,75609756;79,42439024;80,57073171;78,88536585;65,98219512;76,58292683;77,3902439;69,769;62,093;73,988;57,144;71,063;67,29332375;4079,933344;4123,526953;2957,311486;4011,224779;8107,515156;4136,751144;7923,223893;3784,074088;1083,403984;414,9624926;1537,522625;2464,32336;878,5245355;1623,839599
2000;32;4;2;38;2,912502964;3,923669227;3,786955143;2,764647551;4,917762744;10,00006682;4,127484017;3,672369105;4,387949444;3,840991157;4,942453715;4,200000001;8,490093406;4,501223545;1,94798E+12;1,36564E+12;1,14668E+12;4,96836E+12;7,44773E+11;2,5971E+11;1,02523E+13;1,66213E+12;6,55448E+11;4,68395E+11;7,07907E+11;1,51753E+11;1,21135E+12;3,38319E+13;1,358883033;2,085018245;1,741059504;0,931136156;1,11808088;3,307029837;3,112242147;2,372796645;1,730726147;2,948929906;0,44604782;1,387289131;1,830343718;2,20553253;26497593164;28403138949;19878720932;45509673827;8299385231;9228204144;3,20086E+11;39343711273;11344032535;14287514241;3031454509;1891725013;22237140151;7,42433E+11;9,3;13,3;9,5;9,4;10,7;8,7;14,4;11,5;20,119;26,401;23,85;22,854;14,03;21,65153881;77,92682927;79,05609756;79,77804878;81,07609756;79,13658537;65,48365854;76,63658537;77,74146341;70,116;62,505;74,34;56,048;71,397;67,54896003;4094,06036;4135,477644;3012,195;4083,831697;8265,079925;4224,277198;8056,86385;3785,753126;1072,379544;417,287589;1516,635855;2424,881292;898,9873131;1637,205968
2001;32;5;2;39;1,681468481;1,983721419;1,951371556;0,386103426;1,405527589;5,100051225;0,998340792;2,072656279;1,389896404;4,823966264;-0,404390127;2,7;8,335733478;2,000127202;1,94579E+12;1,37766E+12;1,16802E+12;4,37471E+12;7,38982E+11;3,06602E+11;1,05818E+13;1,64391E+12;5,59984E+11;4,85441E+11;7,56706E+11;1,3543E+11;1,3394E+12;3,36149E+13;1,323438303;2,03069529;1,679364738;0,947079856;1,137368973;3,546319229;3,123809803;2,411122101;1,951882445;2,924435546;0,442657004;1,483161018;1,976185991;2,241553957;25815401959;27951566384;19519381482;40757967234;8375571425;11683151345;3,31806E+11;39512579944;10930231568;14600642346;3229469276;1802262236;26561462998;7,55078E+11;8,9;13,1;9,4;9,3;10,8;9;14,1;11,3;19,547;25,944;23,43;22,715;13,38;21,30638215;78,32926829;79,15853659;80,12682927;81,41707317;79,33902439;65,38341463;76,83658537;77,99268293;70,462;62,907;74,658;55,089;71,732;67,8217449;4209,796087;4246,004803;3020,621195;4008,268032;8056,349425;4288,382631;7827,886325;3784,928174;1076,275492;416,0144408;1548,316154;2461,026477;928,8114337;1636,490234
2002;29;3;1;33;-0,197973835;1,135531482;0,253942999;0,041962499;3,422146171;4,699991909;1,741695251;2,123222773;3,053461857;3,803975321;-0,039844481;3,700374404;9,13363079;2,337163731;2,07848E+12;1,50141E+12;1,27677E+12;4,18285E+12;7,60649E+11;3,4547E+11;1,09364E+13;1,78408E+12;5,09795E+11;5,14938E+11;7,72106E+11;1,29088E+11;1,47055E+12;3,49182E+13;1,327958121;2,04625799;1,706187246;0,955834672;1,120852292;3,756277391;3,447618099;2,485659675;1,895771199;2,82686683;0,421606002;1,529309559;2,049686062;2,344740275;27611355672;30578398933;21610059762;39333708170;8495399281;13943825063;3,78463E+11;44245265998;9664561903;14749667252;3172268734;1766082898;30284127410;8,15707E+11;8,7;12,9;9,4;9,3;10,5;9,7;14;11,3;18,955;25,489;23,009;22,692;12,86;21,05303934;78,22926829;79,26097561;80,22926829;81,56341463;79,4902439;65,12878049;76,93658537;78,14390244;70,813;63,304;74,922;54,31;72,061;68,07014019;4108,401299;4225,468037;3037,266965;3991,977567;7993,879384;4288,193851;7843,344849;3685,869487;1090,349848;421,2704908;1534,72176;2384,137081;984,8107146;1649,280759
2003;27;3;2;32;-0,700116686;0,823160757;0,138626891;1,535125499;3,811090153;7,299952345;2,861210768;3,029889927;1,140828999;7,860381476;1,446382684;2,949075468;10,03803048;3,159325936;2,50164E+12;1,84454E+12;1,57762E+12;4,51956E+12;8,95541E+11;4,30348E+11;1,14582E+13;2,05709E+12;5,58234E+11;6,07699E+11;7,29336E+11;1,9702E+11;1,66029E+12;3,9148E+13;1,316924865;2,095680413;1,708995537;0,955673906;1,115878799;3,67083809;3,827161045;2,552062015;1,503477636;2,677776932;0,405916547;1,468811238;1,983406274;2,405241864;32997363017;38569115813;26824213292;42486177361;9958245602;16973739085;4,40532E+11;52343122277;8392905884;16333986643;2960496802;2574176278;33144000481;9,52682E+11;8,6;12,8;9,5;9,2;10,6;10,2;14,1;11,7;18,363;25,034;22,584;22,763;12,41;20,83904676;78,3804878;79,11463415;79,98292683;81,76;79,74146341;65,02756098;77,03658537;78,44634146;71,17;63,699;75,118;53,749;72,381;68,32601818;4084,503346;4270,949868;3168,529021;3953,184508;8341,343144;4461,30532;7794,23553;3731,609718;1094,424682;424,2943448;1603,937485;2518,332793;1118,431773;1688,480279
2004;29;4;0;33;1,175088132;2,829752929;1,423594158;2,186115694;3,914028782;7,19994787;3,798891125;2,355629762;5,759964637;7,922936613;3,92059081;4,554559907;10,11362138;4,4798936;2,81435E+12;2,11963E+12;1,80654E+12;4,89312E+12;1,02669E+12;5,91017E+11;1,22137E+13;2,42181E+12;6,69289E+11;7,09149E+11;7,82241E+11;2,55807E+11;1,95535E+12;4,41143E+13;1,268957396;2,104350835;1,68267327;0,941607638;1,107966027;3,300353647;4,016312736;2,497821368;1,461268409;2,828752248;0,364898723;1,355728578;1,927764976;2,403920489;35776573894;44524579613;30261076655;45339809415;11336489831;20955413571;4,92999E+11;60250782545;9780111585;20238566527;2854385965;3099065125;37904571827;1,07592E+12;8,6;12,8;9,8;8,69;10,6;10,4;14;11,9;17,787;24,571;22,158;22,902;12,29;20,68541562;78,6804878;80,16341463;80,7804878;82,0302439;79,89268293;65,47097561;77,48780488;78,74634146;71,531;64,095;75,243;53,444;72,689;68,6525098;4114,389928;4301,736813;3169,932642;4078,210542;8455,547014;4493,687215;7881,578642;3694,478595;1141,49111;439,7030045;1599,161217;2716,293461;1268,132904;1739,823237
2005;27;5;0;32;0,731707164;1,66321998;0,817848974;1,803900872;4,995860869;6,399965448;3,513213799;2,59328001;3,202132062;7,923430621;2,307807066;5,277051973;11,39459181;4,048174008;2,84686E+12;2,19695E+12;1,85822E+12;4,83147E+12;1,17311E+12;7,64017E+11;1,30366E+13;2,54483E+12;8,91634E+11;8,20382E+11;8,77476E+11;2,88868E+11;2,28597E+12;4,77779E+13;1,065629701;2,023706919;1,605170416;0,931581653;1,110669655;3,330103192;4,090034876;2,434203228;1,524013393;2,754907666;0,355958931;1,38376969;1,85334244;2,394431087;30324965179;44442050523;29737642392;44300613330;12988132964;27336977274;5,33203E+11;61653635038;13588619736;23072312925;3123454978;3566963815;42789953651;1,15955E+12;8,3;12,8;9,6;8,41;10,6;10,2;14;12;17,243;24,087;21,741;23,073;12,4;20,55193051;78,93170732;80,16341463;80,78292683;81,92512195;80,19268293;65,5297561;77,48780488;79,04878049;71,896;64,5;75,3;53,447;72,985;68,92021195;4086,503407;4287,157074;3214,674121;4062,979049;8422,034308;4540,908156;7846,499688;3686,359905;1156,907537;449,765857;1685,099737;2678,554224;1393,691324;1767,06317
2006;28;5;0;33;3,816441913;2,449323601;1,790639681;1,372350128;4,165817627;8,200068255;2,854972294;2,584104677;3,961988709;8,060732573;4,495077894;5,603806459;12,72095567;4,495625664;2,9947E+12;2,32054E+12;1,94955E+12;4,60166E+12;1,31926E+12;9,89931E+11;1,38146E+13;2,71706E+12;1,10763E+12;9,4026E+11;9,75387E+11;3,03861E+11;2,75213E+12;5,17787E+13;1,199302958;1,9750983;1,525482905;0,917197038;1,125832408;3,245254379;4,041627237;2,373086999;1,481084895;2,52680863;0,311171936;1,290746983;1,85464884;2,364165577;35883657973;45792148416;29633022263;41552592886;14809892803;34517781619;5,58335E+11;64217619528;16404867307;23951927958;3035131019;3506139658;51453373234;1,20604E+12;8,2;13,1;9,6;8,65;10,9;10,3;14,3;12,3;16,747;23,564;21,343;23,238;12,09;20,39775655;79,13170732;80,81219512;81,28292683;82,32195122;80,34390244;66,72756098;77,68780488;79,24878049;72,26;64,918;75,296;53,795;73,271;69,26229064;4204,654689;4188,843259;3175,799871;4053,883437;8239,946371;4688,391023;7697,652535;3598,810406;1184,145121;466,1382611;1698,585327;2625,794791;1515,173678;1796,644789
2007;31;4;0;35;2,976455131;2,424736243;1,48707298;1,483969412;6,868608857;8,499977768;1,876171454;2,269486875;6,069870607;7,660815065;2,291445714;5,360474054;14,23086093;4,438754307;3,42558E+12;2,66059E+12;2,2131E+12;4,57975E+12;1,46882E+12;1,29971E+12;1,44519E+13;3,10618E+12;1,39711E+12;1,21674E+12;1,0527E+12;3,33075E+11;3,55034E+12;5,83375E+13;1,172471765;1,907528634;1,447052519;0,897626654;1,188901783;3,118542079;4,079655081;2,374207748;1,4662921;2,478248209;0,401163918;1,177517253;1,739812859;2,328462871;40110859276;50684467384;31982431792;40530045688;17417139931;43534994996;5,89586E+11;73448032014;20485758015;28254773450;4223037646;3525684244;62136590755;1,33768E+12;8,3;12,8;9,7;8,63;11,2;11,3;14,3;12,6;16,306;22,996;20,973;23,367;12,1;20,30710105;79,53414634;81,11219512;81,43414634;82,50707317;80,54390244;67,58682927;77,98780488;79,44878049;72,618;65,35;75,255;54,452;73,553;69,5915489;3985,811955;4115,52724;3149,576553;4012,654245;8213,389543;4709,844887;7758,165986;3441,640219;1238,411628;485,0996287;1662,60258;2775,615258;1630,171029;1824,035298
2008;30;7;1;38;0,959879134;0,25494596;-0,962012841;-1,224289001;1,007622695;5,199969265;-0,136579803;-0,239638085;5,094195448;3,08669806;1,143584587;3,191043886;9,65067892;2,000830512;3,74526E+12;2,9303E+12;2,40866E+12;5,10668E+12;1,55299E+12;1,66085E+12;1,47128E+13;2,93888E+12;1,69586E+12;1,1989E+12;1,10999E+12;3,16132E+11;4,59431E+12;6,40715E+13;1,209034004;1,897075896;1,535674984;0,920247843;1,248621382;3,149486017;4,463827356;2,495723016;1,441924093;2,631462141;0,390513227;1,145843314;1,712334361;2,386424706;45098956312;55365965845;36839989746;46361468280;19342058405;56183785393;6,56756E+11;72915407670;24452903036;33002376727;4334654124;3285925081;78840802820;1,50972E+12;8,3;12,9;9,8;8,7;11,4;12;14;12,9;15,921;22,39;20,635;23,433;12,14;20,19625896;79,73658537;81,21463415;81,48536585;82,58756098;80,69512195;67,94926829;78,03902439;79,6;72,966;65,794;75,194;55,36;73,835;69,89951482;4036,830781;4110,585978;3087,566331;3858,434521;8194,880771;4823,125995;7488,081921;3361,980517;1294,480833;501,5596362;1621,264964;2950,15361;1672,90412;1829,629201
2009;30;7;0;37;-5,693836336;-2,873313828;-5,280937208;-5,693236359;-2,928400167;-7,799993913;-2,536757067;-4,247356266;-0,125812003;7,861888833;-5,285744137;-1,538089135;9,398725632;-1,307257;3,41126E+12;2,70089E+12;2,19993E+12;5,28949E+12;1,37463E+12;1,22264E+12;1,44489E+13;2,4258E+12;1,667E+12;1,34189E+12;9,00045E+11;3,29753E+11;5,1017E+12;6,0781E+13;1,310604073;2,098147335;1,554210702;0,983777357;1,377555631;3,924063399;4,88559968;2,653485016;1,538625697;3,129387179;0,501556275;1,214002043;1,886133152;2,617904287;44528927836;56441455398;34054481324;51465158208;18936226052;51532116798;7,05917E+11;64010506670;25648809911;38722154392;4514233914;3592687702;96601666753;1,56427E+12;8,1;12,8;9,6;8,5;11,3;12,3;13,5;12,7;15,595;21,755;20,327;23,417;11,95;19,96785143;79,83658537;81,41463415;81,63658537;82,93146341;80,99512195;68,68463415;78,3902439;80,05121951;73,3;66,244;75,128;56,46;74,119;70,24645381;3790,501152;3913,457942;2869,920712;3678,511133;7797,121136;4531,286463;7056,783653;3145,585662;1240,177304;544,6265973;1599,516711;2852,095448;1778,433519;1796,215452
2010;23;8;0;31;4,179882499;1,949437623;1,713295839;4,097917919;3,08949462;4,5;2,56376656;2,131438198;7,528225818;8,497584702;5,118118143;3,039732881;10,63587106;4,494694569;3,39967E+12;2,64519E+12;2,1361E+12;5,75907E+12;1,61734E+12;1,52492E+12;1,49921E+13;2,49111E+12;2,20884E+12;1,67562E+12;1,0578E+12;4,17365E+11;6,08716E+12;6,65005E+13;1,266826626;1,969419353;1,500494576;0,958851133;1,194338338;3,585085721;4,922641677;2,578159502;1,539406981;2,889461328;0,452734493;1,115808251;1,73947515;2,522910495;43025915012;52044060565;32020819951;54655450735;19315688825;58720227609;7,38005E+11;63979111970;34002944470;46090445657;4789031339;4188168092;1,05523E+11;1,6484E+12;8,3;12,9;9,5;8,5;11,1;12,5;13;12,9;15,327;21,114;20,042;23,305;11,9;19,77870117;79,98780488;81,66341463;82,03658537;82,84268293;81,24634146;68,84121951;78,54146341;80,40243902;73,619;66,693;75,065;57,669;74,409;70,55669028;3997,079421;4016,848071;2930,588524;3893,266604;7788,560786;4819,040782;7161,426552;3230,615984;1358,502402;561,6534059;1531,756968;2768,094507;1954,722556;1874,657688
2011;30;7;1;38;3,925192705;2,192700633;0,707333347;0,023809524;3,146881372;4,300029186;1,550835505;1,457563391;3,974423079;5,241315001;3,66300793;3,168556279;9,550832179;3,339617886;3,74931E+12;2,86516E+12;2,29499E+12;6,23315E+12;1,79333E+12;2,04593E+12;1,55426E+13;2,67489E+12;2,61616E+12;1,82305E+12;1,18049E+12;4,58202E+11;7,5515E+12;7,36715E+13;1,206150336;1,891406214;1,475956597;0,986806493;1,193291895;3,433043838;4,840173995;2,502726402;1,411851159;2,704483558;0,465777803;1,103257676;1,665576053;2,412033384;45163212878;54120871010;33828804971;60762213841;21393720864;70237523951;7,52288E+11;66569552573;36936209896;49633815794;5498458542;4594154078;1,25286E+11;1,75048E+12;8,3;12,7;9,2;8,3;11;12,6;12,7;12,8;15,11;20,495;19,766;23,097;13,27;19,85467053;80,43658537;82,11463415;82,18780488;82,59121951;81,44878049;69,68390244;78,64146341;80,95121951;73,921;67,13;75,011;58,895;74,708;70,88401703;3869,816229;3847,0722;2828,404891;3610,812169;7911,554588;5049,426631;7029,954601;2972,153065;1367,188049;577,9944263;1587,072071;2716,681173;2085,083022;1881,477548
2012;23;9;1;33;0,418497594;0,313134751;-2,980905768;1,374750999;1,762222549;4,024086157;2,249545852;1,469887521;1,921175985;5,456388753;3,642322679;2,396232385;7,863736449;2,672818411;3,52714E+12;2,68367E+12;2,08696E+12;6,27236E+12;1,82837E+12;2,2083E+12;1,6197E+13;2,71916E+12;2,46523E+12;1,82764E+12;1,20109E+12;4,34401E+11;8,53223E+12;7,53116E+13;1,241677479;1,8710806;1,426924977;0,967427278;1,118404598;3,689240435;4,477401219;2,420564731;1,378656465;2,618167619;0,475987281;1,132793112;1,693368163;2,37288179;43798225349;50216507403;29781008205;60011530195;20452107111;81469399931;7,25205E+11;65452487554;33987005074;47216920048;5717035575;4489590096;1,45128E+11;1,75775E+12;8,4;12,6;9;8,2;11;13,3;12,6;12,8;14,93;19,923;19,488;22,815;14,57;19,95405818;80,53902439;81,96829268;82,23902439;83,09609756;81,64878049;70,07219512;78,74146341;80,90487805;74,209;67,545;74,966;60,06;75,013;71,17329899;3876,948104;3836,656299;2709,297728;3537,36317;7733,411655;5167,010353;6872,027284;3042,859871;1413,733385;599,1556198;1634,697418;2636,684726;2149,602569;1891,700426
2013;27;9;0;36;0,437591303;0,576326675;-1,841065451;2,005100177;2,329122506;1,755422149;1,842081071;1,890018342;3,00482267;6,386106401;1,354091962;2,485468008;7,766150098;2,844651633;3,7338E+12;2,81188E+12;2,14192E+12;5,21233E+12;1,8466E+12;2,29247E+12;1,67848E+13;2,80329E+12;2,47282E+12;1,85672E+12;1,27444E+12;4,00886E+11;9,57041E+12;7,74432E+13;1,185257901;1,849875918;1,399020419;0,95086605;1,0023672;3,854042583;4,046678879;2,293640241;1,329446084;2,548825679;0,507919455;1,123274262;1,702855096;2,30441943;44242647303;52001462448;29957445905;49023932407;18515731210;88352896464;6,79229E+11;63837724855;32874787231;47403528801;6473144378;4118208483;1,6407E+11;1,75559E+12;8,5;12,4;8,5;8,2;10,8;13,2;12,4;12,1;14,772;19,416;19,198;22,483;13,03;19,45244784;80,4902439;82,2195122;82,6902439;83,33195122;81,74878049;70,57878049;78,74146341;81,00487805;74,483;67,931;74,93;61,099;75,321;71,46586441;3939,529563;3833,534259;2579,472543;3567,629354;7743,725742;5078,626342;6905,598633;2987,700589;1461,076774;605,7940378;1616,613645;2602,845598;2204,243299;1894,112059
2014;28;13;1;42;2,209543431;0,956183052;-0,004547542;0,296205514;2,870036075;0,736267221;2,525973446;2,991164814;0,50395574;7,410227605;2,849773255;1,413826452;7,425763656;3,117752817;3,88909E+12;2,85596E+12;2,16201E+12;4,89699E+12;1,80575E+12;2,05924E+12;1,75272E+13;3,08717E+12;2,45604E+12;2,03913E+12;1,31535E+12;3,81199E+11;1,04757E+13;7,95755E+13;1,149941997;1,862961439;1,282969654;0,966999334;0,989925299;4,112992978;3,69589465;2,183906248;1,330244423;2,543982503;0,513829957;1,109437883;1,728689068;2,251088751;44662831168;53134750899;27701034335;46903466613;17853640478;84696504653;6,47789E+11;66995468654;32660239369;50914096277;6758693845;3892485091;1,82109E+11;1,75419E+12;8,8;12,4;8,3;8;10,8;13,3;12,5;12;14,624;18,984;18,892;22,113;13,83;19,46419186;81,0902439;82,7195122;83,0902439;83,58780488;81,8;70,74365854;78,84146341;81,30487805;74,745;68,286;74,908;61,968;75,629;71,74605473;3779,461921;3659,087795;2414,484002;3470,763129;7897,855615;4942,875483;6960,683997;2777,310987;1495,541141;636,571834;1561,873342;2695,505776;2224,354898;1919,991765
2015;31;20;1;52;1,491931528;1,112912341;0,778304351;1,560626697;0,659176864;-1,972719226;3,07551465;2,622596679;-3,545763393;7,996253786;3,293151528;1,321862237;7,041328879;3,168302448;3,35759E+12;2,43919E+12;1,83664E+12;4,44493E+12;1,55651E+12;1,36348E+12;1,82383E+13;2,95657E+12;1,80221E+12;2,10359E+12;1,17187E+12;3,4671E+11;1,10616E+13;7,51171E+13;1,137338427;1,872258281;1,208228326;0,95925133;1,152709374;4,871514747;3,477845166;2,045503192;1,365517154;2,457450601;0,466676122;1,099182075;1,750717767;2,255098056;38170021071;45647471641;22180845070;42106103306;17937641895;66421822180;6,3383E+11;59990205719;24617701683;51295483754;5468837812;3488867948;1,96539E+11;1,65293E+12;9;12;8;8;10,7;13,3;12,4;11,9;14,472;18,625;18,573;21,719;11,99;18,95222527;80,64146341;82,32195122;82,54390244;83,79390244;81,9;71,18341463;78,6902439;80,95609756;74,994;68,607;74,904;62,649;75,928;71,95211472;3817,549415;3692,017833;2481,754645;3428,557216;7631,34157;;6803,996607;2764,516671;;;1537,261412;;;
2016;34;18;2;54;2,229999868;1,095464404;1,293462732;0,753826746;1,001394414;0,193690072;1,711426774;2,263463538;-3,275916906;8,256305502;2,630532425;0,664552308;6,848762205;2,825057288;3,46985E+12;2,47296E+12;1,87707E+12;5,00368E+12;1,52799E+12;1,27679E+12;1,87451E+13;2,72285E+12;1,79569E+12;2,2948E+12;1,07849E+12;3,23586E+11;1,12333E+13;7,63132E+13;1,149654485;1,917282368;1,334835252;0,944838286;1,164161567;5,425147705;3,418942337;1,981438255;1,347975413;2,543151188;0,495064414;1,065199645;1,770695719;2,217853352;39855047309;47370589553;25033027895;46471287714;17782775543;69245294553;6,39856E+11;53327327634;24224746901;56637622641;5336875740;3139312128;1,98538E+11;1,64914E+12;9,6;11,8;7,8;7,8;10,6;12,9;12,2;11,8;14,307;18,332;18,245;21,314;13,57;19,07101724;80,9902439;82,57317073;83,24390244;83,98487805;81,9;71,65121951;78,53902439;81,15609756;75,23;68,897;74,917;63,153;76,21;72,18610065;;;;;;;;;;;;;;
2017;29;21;1;51;2,680231114;2,291419994;1,667859041;1,675331752;3,039880225;1,825790064;2,332679395;2,134453093;1,322869054;6,795383419;2,113129135;1,157946952;6,947200793;3,394374337;3,69085E+12;2,59515E+12;1,9618E+12;4,93084E+12;1,64927E+12;1,5742E+12;1,9543E+13;2,69902E+12;2,06351E+12;2,65147E+12;1,15891E+12;3,81449E+11;1,23104E+13;8,12246E+13;1,154049407;1,908642012;1,357370559;0,931980259;1,351602232;4,248996052;3,313381294;1,946324996;1,414485611;2,531462588;0,436510296;1,030060552;1,74645507;2,172198326;42210258091;49195662250;26447892915;45387031802;22269696323;66913033537;6,46753E+11;51633539217;29261833097;64559435281;5062076646;3591507613;2,10443E+11;1,71798E+12;9,5;11,5;7,6;7,6;10,3;11,5;11,8;11,4;14,125;18,083;17,918;20,908;12,64;18,66534705;80,99268293;82,57560976;82,94634146;84,0997561;81,9;72,45146341;78,53902439;81,25609756;75,456;69,165;74,947;63,538;76,47;72,39140625;;;;;;;;;;;;;;
2018;31;19;2;52;1,086024514;1,865066071;0,925810941;0,558851275;2,777040554;2,80724541;2,996464352;1,650925496;1,783666761;6,532989011;2,194994725;1,487617373;6,749773832;3,269583641;3,97729E+12;2,79096E+12;2,09193E+12;5,03689E+12;1,72533E+12;1,65733E+12;2,06119E+13;2,90079E+12;1,91693E+12;2,70111E+12;1,22241E+12;4,04842E+11;1,38948E+13;8,62743E+13;1,171816792;1,845053399;1,359542751;0,940993692;1,324681094;3,692518759;3,316248808;1,948755708;1,494203353;2,433922067;0,477517407;0,984961398;1,739533683;2,148120668;46423020903;51409812839;28420098438;46617954864;22729327580;61609204756;6,82491E+11;55680228215;28177406872;66257801718;5839521271;3622918743;2,32531E+11;1,80195E+12;9,5;11,3;7,3;7,4;10,1;10,9;11,6;11;13,924;17,857;17,602;20,51;10,86;18,14881146;80,89268293;82,67560976;83,34634146;84,21097561;82,04878049;72,66219512;78,63902439;81,25609756;75,672;69,416;74,992;63,857;76,704;72,57398037;;;;;;;;;;;;;;
2019;28;25;2;55;1,055508247;1,842971814;0,410278294;0,270304645;1,879592028;2,032982739;2,161176515;1,671944197;1,411152985;4,041554187;-0,176599456;0,113053697;5,949714233;2,600814244;3,88833E+12;2,72887E+12;2,00938E+12;5,14878E+12;1,74202E+12;1,68745E+12;2,14332E+13;2,87867E+12;1,87782E+12;2,8705E+12;1,26943E+12;3,87935E+11;1,42799E+13;8,75681E+13;1,269146867;1,845491196;1,316566978;0,937281087;1,27894142;3,832115681;3,427080181;2,013004573;1,407988516;2,519120764;0,52348249;0,978057397;1,727827863;2,18686376;49007512315;50118929212;26380673981;47609019987;22204408440;65201335848;7,34344E+11;56856133066;25906871197;71468900524;6650808254;3435736037;2,40333E+11;1,85993E+12;9,4;11,2;7;7;9,9;10,1;11,4;10,7;13,703;17,644;17,297;20,129;10,41;17,87829381;81,29268293;82,82682927;83,49756098;84,35634146;82,04878049;73,08390244;78,78780488;81,20487805;75,881;69,656;75,054;64,131;76,912;72,76266676;;;;;;;;;;;;;;
2020;28;25;3;56;-4,569616717;-7,855256037;-8,9385925;-4,585508281;-5,233024303;-2,951273899;-3,404591573;-9,396160006;-4,059048273;-7,251754782;-8,309034659;-6,431974826;2,347513573;-3,29368304;3,84641E+12;2,63032E+12;1,88871E+12;5,05776E+12;1,64542E+12;1,4835E+12;2,0953E+13;2,7598E+12;1,44473E+12;2,66025E+12;1,07392E+12;3,35442E+11;1,47227E+13;8,4747E+13;1,399730368;2,073321427;1,567524891;0,996825438;1,415055841;4,263449836;3,741160091;2,246546679;1,439168226;2,8826704;0,573651659;1,074193443;1,749795773;2,362472616;52764761199;52747064858;28921342756;49148557003;22754847129;61712537169;7,78232E+11;59238462250;19736347759;72887446604;6116376582;3150828880;2,52304E+11;1,92885E+12;9,3;10,9;6,8;6,8;9,4;9,8;10,9;10,2;13,463;17,437;17,005;19,773;8,52;17,33421502;80,94146341;82,17560976;82,34390244;84,61560976;81,74878049;71,33878049;77,2804878;80,90243902;76,084;69,887;75,131;64,379;77,097;72,74730314;;;;;;;;;;;;;;
